CompoundID,CompoundName
25-hydroxycholecalciferol__Pp,25-hydroxycholecalciferol
ASG.28:2;O;Hex;FA.21:3__Pp,ASG 28:2;O;Hex;FA 21:3
C17-carnitine(d3)__Pp,C17-carnitine(d3)
CE_d7.17:1__Pp,CE_d7 17:1
CE.14:1__Pp,CE 14:1
CE.16:1__Pp,CE 16:1
CE.22:1__Pp,CE 22:1
CE.24:1__Pp,CE 24:1
Cer_ADS.d16:0_13:0__Np,Cer_ADS d16:0_13:0
Cer_ADS.d16:0_14:0__Np,Cer_ADS d16:0_14:0
Cer_ADS.d16:0_14:0__Np,Cer_ADS d16:0_14:0
Cer_ADS.d16:0_16:0__Np,Cer_ADS d16:0_16:0
Cer_ADS.d16:0_16:0__Np,Cer_ADS d16:0_16:0
Cer_ADS.d16:0_24:0__Np,Cer_ADS d16:0_24:0
Cer_ADS.d16:0_24:0_1__Np,Cer_ADS d16:0_24:0_1
Cer_ADS.d17:0_14:0__Np,Cer_ADS d17:0_14:0
Cer_ADS.d17:0_16:0__Np,Cer_ADS d17:0_16:0
Cer_ADS.d17:0_16:0__Np,Cer_ADS d17:0_16:0
Cer_ADS.d18:0_16:0__Np,Cer_ADS d18:0_16:0
Cer_ADS.d18:0_16:0__Np,Cer_ADS d18:0_16:0
Cer_ADS.d18:0_25:0__Np,Cer_ADS d18:0_25:0
Cer_ADS.d19:0_16:0__Np,Cer_ADS d19:0_16:0
Cer_ADS.d19:0_16:0__Np,Cer_ADS d19:0_16:0
Cer_ADS.d19:0_26:0__Np,Cer_ADS d19:0_26:0
Cer_ADS.d19:0_29:0__Np,Cer_ADS d19:0_29:0
Cer_ADS.d20:0_22:0__Np,Cer_ADS d20:0_22:0
Cer_ADS.d20:0_24:0__Np,Cer_ADS d20:0_24:0
Cer_ADS.d21:0_18:0__Np,Cer_ADS d21:0_18:0
Cer_ADS.d22:0_14:0__Np,Cer_ADS d22:0_14:0
Cer_ADS.d22:0_14:0__Np,Cer_ADS d22:0_14:0
Cer_ADS.d22:0_16:0__Np,Cer_ADS d22:0_16:0
Cer_ADS.d23:0_13:0__Np,Cer_ADS d23:0_13:0
Cer_ADS.d26:0_13:0__Np,Cer_ADS d26:0_13:0
Cer_ADS.d26:0_15:1__Np,Cer_ADS d26:0_15:1
Cer_ADS.d30:0__Np,Cer_ADS d30:0
Cer_ADS.d30:0_21:0__Np,Cer_ADS d30:0_21:0
Cer_ADS.d30:0_22:1__Np,Cer_ADS d30:0_22:1
Cer_ADS.d31:0__Np,Cer_ADS d31:0
Cer_ADS.d31:0_1__Np,Cer_ADS d31:0_1
Cer_ADS.d32:0__Np,Cer_ADS d32:0
Cer_ADS.d32:0__Np,Cer_ADS d32:0
Cer_ADS.d32:1__Np,Cer_ADS d32:1
Cer_ADS.d33:0__Np,Cer_ADS d33:0
Cer_ADS.d33:1__Np,Cer_ADS d33:1
Cer_ADS.d34:1__Np,Cer_ADS d34:1
Cer_ADS.d36:0__Np,Cer_ADS d36:0
Cer_ADS.d36:0__Np,Cer_ADS d36:0
Cer_ADS.d37:0__Np,Cer_ADS d37:0
Cer_ADS.d37:0__Np,Cer_ADS d37:0
Cer_ADS.d37:0_1__Np,Cer_ADS d37:0_1
Cer_ADS.d37:0_2__Np,Cer_ADS d37:0_2
Cer_ADS.d38:0__Np,Cer_ADS d38:0
Cer_ADS.d38:0__Np,Cer_ADS d38:0
Cer_ADS.d38:0_1__Np,Cer_ADS d38:0_1
Cer_ADS.d38:0_1__Np,Cer_ADS d38:0_1
Cer_ADS.d38:1__Np,Cer_ADS d38:1
Cer_ADS.d39:0__Np,Cer_ADS d39:0
Cer_ADS.d39:0__Np,Cer_ADS d39:0
Cer_ADS.d39:0_1__Np,Cer_ADS d39:0_1
Cer_ADS.d40:0__Np,Cer_ADS d40:0
Cer_ADS.d40:0__Np,Cer_ADS d40:0
Cer_ADS.d40:0_1__Np,Cer_ADS d40:0_1
Cer_ADS.d40:1__Np,Cer_ADS d40:1
Cer_ADS.d40:1_1__Np,Cer_ADS d40:1_1
Cer_ADS.d41:0__Np,Cer_ADS d41:0
Cer_ADS.d41:0__Np,Cer_ADS d41:0
Cer_ADS.d41:0_1__Np,Cer_ADS d41:0_1
Cer_ADS.d41:0_1__Np,Cer_ADS d41:0_1
Cer_ADS.d41:0_2__Np,Cer_ADS d41:0_2
Cer_ADS.d41:1__Np,Cer_ADS d41:1
Cer_ADS.d41:1__Np,Cer_ADS d41:1
Cer_ADS.d42:0__Np,Cer_ADS d42:0
Cer_ADS.d42:0__Np,Cer_ADS d42:0
Cer_ADS.d42:0_1__Np,Cer_ADS d42:0_1
Cer_ADS.d42:0_2__Np,Cer_ADS d42:0_2
Cer_ADS.d42:1__Np,Cer_ADS d42:1
Cer_ADS.d42:1__Np,Cer_ADS d42:1
Cer_ADS.d42:1_1__Np,Cer_ADS d42:1_1
Cer_ADS.d43:0__Np,Cer_ADS d43:0
Cer_ADS.d44:0__Np,Cer_ADS d44:0
Cer_ADS.d44:0__Np,Cer_ADS d44:0
Cer_ADS.d44:0_1__Np,Cer_ADS d44:0_1
Cer_ADS.d44:1__Np,Cer_ADS d44:1
Cer_ADS.d45:0__Np,Cer_ADS d45:0
Cer_ADS.d45:0__Np,Cer_ADS d45:0
Cer_ADS.d45:1__Np,Cer_ADS d45:1
Cer_ADS.d45:1__Np,Cer_ADS d45:1
Cer_ADS.d46:0__Np,Cer_ADS d46:0
Cer_ADS.d46:0__Np,Cer_ADS d46:0
Cer_ADS.d46:0_1__Np,Cer_ADS d46:0_1
Cer_ADS.d46:1__Np,Cer_ADS d46:1
Cer_ADS.d46:1_1__Np,Cer_ADS d46:1_1
Cer_ADS.d47:0__Np,Cer_ADS d47:0
Cer_ADS.d47:0__Np,Cer_ADS d47:0
Cer_ADS.d47:0_1__Np,Cer_ADS d47:0_1
Cer_ADS.d47:0_1__Np,Cer_ADS d47:0_1
Cer_ADS.d47:1__Np,Cer_ADS d47:1
Cer_ADS.d48:0__Np,Cer_ADS d48:0
Cer_ADS.d48:1__Np,Cer_ADS d48:1
Cer_ADS.d48:2__Np,Cer_ADS d48:2
Cer_ADS.d49:0__Np,Cer_ADS d49:0
Cer_ADS.d49:0__Np,Cer_ADS d49:0
Cer_ADS.d49:1__Np,Cer_ADS d49:1
Cer_ADS.d50:0__Np,Cer_ADS d50:0
Cer_ADS.d50:1__Np,Cer_ADS d50:1
Cer_ADS.d50:1__Np,Cer_ADS d50:1
Cer_ADS.d50:2__Np,Cer_ADS d50:2
Cer_ADS.d51:0__Np,Cer_ADS d51:0
Cer_ADS.d52:1__Np,Cer_ADS d52:1
Cer_ADS.d54:2__Np,Cer_ADS d54:2
Cer_AP.t15:1_18:1__Np,Cer_AP t15:1_18:1
Cer_AP.t16:0_13:0__Np,Cer_AP t16:0_13:0
Cer_AP.t16:0_14:0__Np,Cer_AP t16:0_14:0
Cer_AP.t16:0_20:0__Np,Cer_AP t16:0_20:0
Cer_AP.t16:0_20:0__Np,Cer_AP t16:0_20:0
Cer_AP.t16:0_24:0__Np,Cer_AP t16:0_24:0
Cer_AP.t16:0_26:2__Np,Cer_AP t16:0_26:2
Cer_AP.t17:0_14:0__Np,Cer_AP t17:0_14:0
Cer_AP.t17:0_14:0__Np,Cer_AP t17:0_14:0
Cer_AP.t17:0_15:0__Np,Cer_AP t17:0_15:0
Cer_AP.t17:0_16:0__Np,Cer_AP t17:0_16:0
Cer_AP.t17:0_20:0__Np,Cer_AP t17:0_20:0
Cer_AP.t17:0_20:0__Np,Cer_AP t17:0_20:0
Cer_AP.t17:0_22:2__Np,Cer_AP t17:0_22:2
Cer_AP.t17:0_24:0__Np,Cer_AP t17:0_24:0
Cer_AP.t17:0_24:0__Np,Cer_AP t17:0_24:0
Cer_AP.t17:0_24:0_1__Np,Cer_AP t17:0_24:0_1
Cer_AP.t17:0_24:1__Np,Cer_AP t17:0_24:1
Cer_AP.t17:0_24:1__Np,Cer_AP t17:0_24:1
Cer_AP.t17:0_24:2__Np,Cer_AP t17:0_24:2
Cer_AP.t17:0_26:1__Np,Cer_AP t17:0_26:1
Cer_AP.t17:0_26:1__Np,Cer_AP t17:0_26:1
Cer_AP.t17:0_26:2__Np,Cer_AP t17:0_26:2
Cer_AP.t17:1_16:0__Np,Cer_AP t17:1_16:0
Cer_AP.t17:1_16:0__Np,Cer_AP t17:1_16:0
Cer_AP.t18:0_14:0__Np,Cer_AP t18:0_14:0
Cer_AP.t18:0_15:0__Np,Cer_AP t18:0_15:0
Cer_AP.t18:0_16:0__Np,Cer_AP t18:0_16:0
Cer_AP.t18:0_16:0__Np,Cer_AP t18:0_16:0
Cer_AP.t18:0_24:0__Np,Cer_AP t18:0_24:0
Cer_AP.t18:0_24:1__Np,Cer_AP t18:0_24:1
Cer_AP.t18:0_28:2__Np,Cer_AP t18:0_28:2
Cer_AP.t18:0_29:1__Np,Cer_AP t18:0_29:1
Cer_AP.t18:0_32:1__Np,Cer_AP t18:0_32:1
Cer_AP.t18:1_15:0__Np,Cer_AP t18:1_15:0
Cer_AP.t19:0_16:0__Np,Cer_AP t19:0_16:0
Cer_AP.t19:0_24:0__Np,Cer_AP t19:0_24:0
Cer_AP.t20:0_23:0__Np,Cer_AP t20:0_23:0
Cer_AP.t20:0_24:0__Np,Cer_AP t20:0_24:0
Cer_AP.t20:0_30:0__Np,Cer_AP t20:0_30:0
Cer_AP.t21:0_28:0__Np,Cer_AP t21:0_28:0
Cer_AP.t22:0_24:0__Np,Cer_AP t22:0_24:0
Cer_AP.t22:0_26:2__Np,Cer_AP t22:0_26:2
Cer_AP.t22:0_27:0__Np,Cer_AP t22:0_27:0
Cer_AP.t22:0_30:1__Np,Cer_AP t22:0_30:1
Cer_AP.t23:2_23:0__Np,Cer_AP t23:2_23:0
Cer_AP.t24:0_15:0__Np,Cer_AP t24:0_15:0
Cer_AP.t25:1_15:0__Np,Cer_AP t25:1_15:0
Cer_AP.t26:1_18:0__Np,Cer_AP t26:1_18:0
Cer_AP.t29:1_21:0__Np,Cer_AP t29:1_21:0
Cer_AP.t30:0__Np,Cer_AP t30:0
Cer_AP.t30:0_25:0__Np,Cer_AP t30:0_25:0
Cer_AP.t32:1__Np,Cer_AP t32:1
Cer_AP.t32:1__Np,Cer_AP t32:1
Cer_AP.t33:0__Np,Cer_AP t33:0
Cer_AP.t33:1__Np,Cer_AP t33:1
Cer_AP.t33:1__Np,Cer_AP t33:1
Cer_AP.t33:1_1__Np,Cer_AP t33:1_1
Cer_AP.t34:0__Np,Cer_AP t34:0
Cer_AP.t34:1__Np,Cer_AP t34:1
Cer_AP.t34:1__Np,Cer_AP t34:1
Cer_AP.t36:0__Np,Cer_AP t36:0
Cer_AP.t37:0__Np,Cer_AP t37:0
Cer_AP.t37:0_1__Np,Cer_AP t37:0_1
Cer_AP.t38:0__Np,Cer_AP t38:0
Cer_AP.t38:0__Np,Cer_AP t38:0
Cer_AP.t38:0_1__Np,Cer_AP t38:0_1
Cer_AP.t39:0__Np,Cer_AP t39:0
Cer_AP.t39:0__Np,Cer_AP t39:0
Cer_AP.t39:1__Np,Cer_AP t39:1
Cer_AP.t39:1__Np,Cer_AP t39:1
Cer_AP.t40:0__Np,Cer_AP t40:0
Cer_AP.t40:0__Np,Cer_AP t40:0
Cer_AP.t40:1__Np,Cer_AP t40:1
Cer_AP.t40:1__Np,Cer_AP t40:1
Cer_AP.t40:1_1__Np,Cer_AP t40:1_1
Cer_AP.t42:0__Np,Cer_AP t42:0
Cer_AP.t42:0_1__Np,Cer_AP t42:0_1
Cer_AP.t42:1__Np,Cer_AP t42:1
Cer_AP.t43:0__Np,Cer_AP t43:0
Cer_AP.t44:1__Np,Cer_AP t44:1
Cer_AP.t44:1__Np,Cer_AP t44:1
Cer_AP.t45:1__Np,Cer_AP t45:1
Cer_AP.t45:1_1__Np,Cer_AP t45:1_1
Cer_AP.t46:0__Np,Cer_AP t46:0
Cer_AP.t46:1__Np,Cer_AP t46:1
Cer_AP.t46:2__Np,Cer_AP t46:2
Cer_AP.t47:0__Np,Cer_AP t47:0
Cer_AP.t47:0__Np,Cer_AP t47:0
Cer_AP.t48:0__Np,Cer_AP t48:0
Cer_AP.t48:0__Np,Cer_AP t48:0
Cer_AP.t48:0_1__Np,Cer_AP t48:0_1
Cer_AP.t48:1__Np,Cer_AP t48:1
Cer_AP.t50:0__Np,Cer_AP t50:0
Cer_AP.t50:0__Np,Cer_AP t50:0
Cer_AP.t51:0__Np,Cer_AP t51:0
Cer_AP.t52:1__Np,Cer_AP t52:1
Cer_AP.t52:2__Np,Cer_AP t52:2
Cer_AS.d14:1_14:0__Np,Cer_AS d14:1_14:0
Cer_AS.d16:1_13:0__Np,Cer_AS d16:1_13:0
Cer_AS.d16:1_13:0__Np,Cer_AS d16:1_13:0
Cer_AS.d16:1_14:0__Np,Cer_AS d16:1_14:0
Cer_AS.d16:1_14:0__Np,Cer_AS d16:1_14:0
Cer_AS.d16:1_14:0_1__Np,Cer_AS d16:1_14:0_1
Cer_AS.d16:1_16:0__Np,Cer_AS d16:1_16:0
Cer_AS.d16:1_16:0__Np,Cer_AS d16:1_16:0
Cer_AS.d16:1_17:0__Np,Cer_AS d16:1_17:0
Cer_AS.d16:1_20:0__Np,Cer_AS d16:1_20:0
Cer_AS.d16:1_24:0__Np,Cer_AS d16:1_24:0
Cer_AS.d17:1_14:0__Np,Cer_AS d17:1_14:0
Cer_AS.d17:1_16:0__Np,Cer_AS d17:1_16:0
Cer_AS.d17:1_16:0__Np,Cer_AS d17:1_16:0
Cer_AS.d17:1_16:0_1__Np,Cer_AS d17:1_16:0_1
Cer_AS.d17:1_32:1__Np,Cer_AS d17:1_32:1
Cer_AS.d17:1_32:1__Np,Cer_AS d17:1_32:1
Cer_AS.d18:1_16:0__Np,Cer_AS d18:1_16:0
Cer_AS.d18:1_16:0__Np,Cer_AS d18:1_16:0
Cer_AS.d18:2_20:0__Np,Cer_AS d18:2_20:0
Cer_AS.d19:1_16:0__Np,Cer_AS d19:1_16:0
Cer_AS.d19:1_16:0__Np,Cer_AS d19:1_16:0
Cer_AS.d20:1_23:0__Np,Cer_AS d20:1_23:0
Cer_AS.d28:1_20:0__Np,Cer_AS d28:1_20:0
Cer_AS.d29:1_15:0__Np,Cer_AS d29:1_15:0
Cer_AS.d31:1__Np,Cer_AS d31:1
Cer_AS.d32:1__Np,Cer_AS d32:1
Cer_AS.d32:2__Np,Cer_AS d32:2
Cer_AS.d34:1__Np,Cer_AS d34:1
Cer_AS.d34:1__Np,Cer_AS d34:1
Cer_AS.d34:1_1__Np,Cer_AS d34:1_1
Cer_AS.d34:2__Np,Cer_AS d34:2
Cer_AS.d34:2__Np,Cer_AS d34:2
Cer_AS.d35:1__Np,Cer_AS d35:1
Cer_AS.d35:1__Np,Cer_AS d35:1
Cer_AS.d35:1_1__Np,Cer_AS d35:1_1
Cer_AS.d36:1__Np,Cer_AS d36:1
Cer_AS.d36:1__Np,Cer_AS d36:1
Cer_AS.d36:1_1__Np,Cer_AS d36:1_1
Cer_AS.d36:1_1__Np,Cer_AS d36:1_1
Cer_AS.d37:1__Np,Cer_AS d37:1
Cer_AS.d37:1__Np,Cer_AS d37:1
Cer_AS.d37:1_1__Np,Cer_AS d37:1_1
Cer_AS.d37:1_2__Np,Cer_AS d37:1_2
Cer_AS.d38:1__Np,Cer_AS d38:1
Cer_AS.d38:1__Np,Cer_AS d38:1
Cer_AS.d38:1_1__Np,Cer_AS d38:1_1
Cer_AS.d39:1__Np,Cer_AS d39:1
Cer_AS.d39:1__Np,Cer_AS d39:1
Cer_AS.d40:1__Np,Cer_AS d40:1
Cer_AS.d40:1__Np,Cer_AS d40:1
Cer_AS.d40:1_1__Np,Cer_AS d40:1_1
Cer_AS.d40:1_1__Np,Cer_AS d40:1_1
Cer_AS.d40:2__Np,Cer_AS d40:2
Cer_AS.d40:2__Np,Cer_AS d40:2
Cer_AS.d41:1__Np,Cer_AS d41:1
Cer_AS.d41:1__Np,Cer_AS d41:1
Cer_AS.d41:1_1__Np,Cer_AS d41:1_1
Cer_AS.d42:1__Np,Cer_AS d42:1
Cer_AS.d42:1__Np,Cer_AS d42:1
Cer_AS.d42:2__Np,Cer_AS d42:2
Cer_AS.d42:2__Np,Cer_AS d42:2
Cer_AS.d42:2_1__Np,Cer_AS d42:2_1
Cer_AS.d43:1__Np,Cer_AS d43:1
Cer_AS.d43:1__Np,Cer_AS d43:1
Cer_AS.d43:1_1__Np,Cer_AS d43:1_1
Cer_AS.d44:1__Np,Cer_AS d44:1
Cer_AS.d44:2__Np,Cer_AS d44:2
Cer_AS.d44:2__Np,Cer_AS d44:2
Cer_AS.d46:1__Np,Cer_AS d46:1
Cer_AS.d46:2__Np,Cer_AS d46:2
Cer_AS.d47:1__Np,Cer_AS d47:1
Cer_AS.d48:1__Np,Cer_AS d48:1
Cer_AS.d48:1__Np,Cer_AS d48:1
Cer_AS.d49:1__Np,Cer_AS d49:1
Cer_AS.d50:2__Np,Cer_AS d50:2
Cer_AS.d51:1__Np,Cer_AS d51:1
Cer_AS.d51:1__Np,Cer_AS d51:1
Cer_AS.d52:2__Np,Cer_AS d52:2
Cer_AS.d52:2_1__Np,Cer_AS d52:2_1
Cer_BDS.d16:0_19:0__Np,Cer_BDS d16:0_19:0
Cer_BDS.d16:0_20:0__Np,Cer_BDS d16:0_20:0
Cer_BDS.d16:0_24:0__Np,Cer_BDS d16:0_24:0
Cer_BDS.d17:0_16:0__Np,Cer_BDS d17:0_16:0
Cer_BDS.d17:0_20:0__Np,Cer_BDS d17:0_20:0
Cer_BDS.d18:0_16:0__Np,Cer_BDS d18:0_16:0
Cer_BDS.d18:0_17:0__Np,Cer_BDS d18:0_17:0
Cer_BDS.d18:0_20:0__Np,Cer_BDS d18:0_20:0
Cer_BDS.d19:0_16:0__Np,Cer_BDS d19:0_16:0
Cer_BDS.d28:0_20:0__Np,Cer_BDS d28:0_20:0
Cer_BDS.d50:0__Np,Cer_BDS d50:0
Cer_BS.d16:1_15:0__Np,Cer_BS d16:1_15:0
Cer_BS.d16:1_15:0__Np,Cer_BS d16:1_15:0
Cer_BS.d16:1_16:0__Np,Cer_BS d16:1_16:0
Cer_BS.d16:1_16:0__Np,Cer_BS d16:1_16:0
Cer_BS.d16:1_19:0__Np,Cer_BS d16:1_19:0
Cer_BS.d16:1_19:0__Np,Cer_BS d16:1_19:0
Cer_BS.d16:1_21:0__Np,Cer_BS d16:1_21:0
Cer_BS.d16:1_23:0__Np,Cer_BS d16:1_23:0
Cer_BS.d16:1_23:1__Np,Cer_BS d16:1_23:1
Cer_BS.d16:1_24:0__Np,Cer_BS d16:1_24:0
Cer_BS.d16:1_26:1__Np,Cer_BS d16:1_26:1
Cer_BS.d17:1_16:0__Np,Cer_BS d17:1_16:0
Cer_BS.d17:1_19:0__Np,Cer_BS d17:1_19:0
Cer_BS.d17:1_20:0__Np,Cer_BS d17:1_20:0
Cer_BS.d17:1_24:0__Np,Cer_BS d17:1_24:0
Cer_BS.d18:1_16:0__Np,Cer_BS d18:1_16:0
Cer_BS.d18:1_19:0__Np,Cer_BS d18:1_19:0
Cer_BS.d19:1_20:0__Np,Cer_BS d19:1_20:0
Cer_BS.d19:1_24:0__Np,Cer_BS d19:1_24:0
Cer_BS.d48:1__Np,Cer_BS d48:1
Cer_EODS.d14:0_16:2_16:0__Np,Cer_EODS d14:0_16:2_16:0
Cer_EODS.d15:0_16:2_18:0__Np,Cer_EODS d15:0_16:2_18:0
Cer_EODS.d15:0_19:0_16:0__Np,Cer_EODS d15:0_19:0_16:0
Cer_EODS.d17:0_15:1_22:0__Np,Cer_EODS d17:0_15:1_22:0
Cer_EODS.d17:0_16:0_22:0__Np,Cer_EODS d17:0_16:0_22:0
Cer_EODS.d17:0_21:0_16:0__Np,Cer_EODS d17:0_21:0_16:0
Cer_EODS.d17:0_21:1_22:0__Np,Cer_EODS d17:0_21:1_22:0
Cer_EODS.d18:0_15:1_20:0__Np,Cer_EODS d18:0_15:1_20:0
Cer_EODS.d18:0_34:2_18:2__Np,Cer_EODS d18:0_34:2_18:2
Cer_EODS.d19:0_13:1_16:1__Np,Cer_EODS d19:0_13:1_16:1
Cer_EODS.d19:0_15:1_16:1__Np,Cer_EODS d19:0_15:1_16:1
Cer_EODS.d23:0_27:1_22:0__Np,Cer_EODS d23:0_27:1_22:0
Cer_EODS.d24:0_22:0_22:0__Np,Cer_EODS d24:0_22:0_22:0
Cer_EODS.d46:1__Np,Cer_EODS d46:1
Cer_EODS.d48:1__Np,Cer_EODS d48:1
Cer_EODS.d48:2__Np,Cer_EODS d48:2
Cer_EODS.d52:0__Np,Cer_EODS d52:0
Cer_EODS.d52:1__Np,Cer_EODS d52:1
Cer_EODS.d54:0__Np,Cer_EODS d54:0
Cer_EODS.d54:0__Np,Cer_EODS d54:0
Cer_EODS.d55:0__Np,Cer_EODS d55:0
Cer_EODS.d55:1__Np,Cer_EODS d55:1
Cer_EODS.d55:1__Np,Cer_EODS d55:1
Cer_EODS.d56:0__Np,Cer_EODS d56:0
Cer_EODS.d60:0__Np,Cer_EODS d60:0
Cer_EODS.d63:3__Np,Cer_EODS d63:3
Cer_EODS.d65:3__Np,Cer_EODS d65:3
Cer_EODS.d68:4__Np,Cer_EODS d68:4
Cer_EODS.d69:3__Np,Cer_EODS d69:3
Cer_EODS.d69:4__Np,Cer_EODS d69:4
Cer_EODS.d72:1__Np,Cer_EODS d72:1
Cer_EOS.d18:1_30:0_18:2__Np,Cer_EOS d18:1_30:0_18:2
Cer_EOS.d20:1_30:1_18:2__Np,Cer_EOS d20:1_30:1_18:2
Cer_EOS.d21:1_25:1_18:2__Np,Cer_EOS d21:1_25:1_18:2
Cer_EOS.d21:1_29:0_18:2__Np,Cer_EOS d21:1_29:0_18:2
Cer_EOS.d21:1_32:1_18:2__Np,Cer_EOS d21:1_32:1_18:2
Cer_EOS.d25:1_21:0_18:2__Np,Cer_EOS d25:1_21:0_18:2
Cer_EOS.d26:1_23:0_18:2__Np,Cer_EOS d26:1_23:0_18:2
Cer_EOS.d49:2__Np,Cer_EOS d49:2
Cer_EOS.d53:1__Np,Cer_EOS d53:1
Cer_EOS.d56:1__Np,Cer_EOS d56:1
Cer_EOS.d56:1__Np,Cer_EOS d56:1
Cer_EOS.d63:3__Np,Cer_EOS d63:3
Cer_EOS.d65:3__Np,Cer_EOS d65:3
Cer_EOS.d66:3__Np,Cer_EOS d66:3
Cer_EOS.d67:4__Np,Cer_EOS d67:4
Cer_EOS.d67:4__Np,Cer_EOS d67:4
Cer_EOS.d67:5__Np,Cer_EOS d67:5
Cer_EOS.d68:3__Np,Cer_EOS d68:3
Cer_EOS.d69:5__Np,Cer_EOS d69:5
Cer_EOS.d70:4__Np,Cer_EOS d70:4
Cer_EOS.d71:3__Np,Cer_EOS d71:3
Cer_EOS.d72:4__Np,Cer_EOS d72:4
Cer_EOS.d72:5__Np,Cer_EOS d72:5
Cer_NDS.d15:0_20:0__Np,Cer_NDS d15:0_20:0
Cer_NDS.d16:0_16:0__Np,Cer_NDS d16:0_16:0
Cer_NDS.d16:0_18:2__Np,Cer_NDS d16:0_18:2
Cer_NDS.d16:0_20:0__Np,Cer_NDS d16:0_20:0
Cer_NDS.d16:0_20:0__Np,Cer_NDS d16:0_20:0
Cer_NDS.d16:0_24:0__Np,Cer_NDS d16:0_24:0
Cer_NDS.d17:0_16:0__Np,Cer_NDS d17:0_16:0
Cer_NDS.d17:0_16:0__Np,Cer_NDS d17:0_16:0
Cer_NDS.d17:0_20:0__Np,Cer_NDS d17:0_20:0
Cer_NDS.d17:0_20:0__Np,Cer_NDS d17:0_20:0
Cer_NDS.d17:0_22:0__Np,Cer_NDS d17:0_22:0
Cer_NDS.d17:0_22:0__Np,Cer_NDS d17:0_22:0
Cer_NDS.d18:0_16:0__Np,Cer_NDS d18:0_16:0
Cer_NDS.d18:0_20:0__Np,Cer_NDS d18:0_20:0
Cer_NDS.d18:0_24:1__Np,Cer_NDS d18:0_24:1
Cer_NDS.d19:0_30:1__Np,Cer_NDS d19:0_30:1
Cer_NDS.d19:0_32:1__Np,Cer_NDS d19:0_32:1
Cer_NDS.d19:0_32:2__Np,Cer_NDS d19:0_32:2
Cer_NDS.d20:0_32:2__Np,Cer_NDS d20:0_32:2
Cer_NDS.d20:0_32:2__Np,Cer_NDS d20:0_32:2
Cer_NDS.d20:0_34:2__Np,Cer_NDS d20:0_34:2
Cer_NDS.d21:0_20:0__Np,Cer_NDS d21:0_20:0
Cer_NDS.d22:0_24:0__Np,Cer_NDS d22:0_24:0
Cer_NDS.d22:0_26:0__Np,Cer_NDS d22:0_26:0
Cer_NDS.d23:0_28:0__Np,Cer_NDS d23:0_28:0
Cer_NDS.d32:0__Np,Cer_NDS d32:0
Cer_NDS.d35:0__Np,Cer_NDS d35:0
Cer_NDS.d38:0__Np,Cer_NDS d38:0
Cer_NDS.d40:0__Np,Cer_NDS d40:0
Cer_NDS.d41:0__Np,Cer_NDS d41:0
Cer_NDS.d42:0__Np,Cer_NDS d42:0
Cer_NDS.d42:2__Np,Cer_NDS d42:2
Cer_NDS.d44:1__Np,Cer_NDS d44:1
Cer_NDS.d45:0__Np,Cer_NDS d45:0
Cer_NDS.d45:1__Np,Cer_NDS d45:1
Cer_NDS.d46:0__Np,Cer_NDS d46:0
Cer_NDS.d46:0__Np,Cer_NDS d46:0
Cer_NDS.d46:1__Np,Cer_NDS d46:1
Cer_NDS.d47:0__Np,Cer_NDS d47:0
Cer_NDS.d47:0__Np,Cer_NDS d47:0
Cer_NDS.d48:0__Np,Cer_NDS d48:0
Cer_NDS.d48:0__Np,Cer_NDS d48:0
Cer_NDS.d48:1__Np,Cer_NDS d48:1
Cer_NDS.d48:1__Np,Cer_NDS d48:1
Cer_NDS.d49:0__Np,Cer_NDS d49:0
Cer_NDS.d49:0__Np,Cer_NDS d49:0
Cer_NDS.d49:1__Np,Cer_NDS d49:1
Cer_NDS.d49:1_1__Np,Cer_NDS d49:1_1
Cer_NDS.d50:0__Np,Cer_NDS d50:0
Cer_NDS.d50:1__Np,Cer_NDS d50:1
Cer_NDS.d50:1__Np,Cer_NDS d50:1
Cer_NDS.d50:1_1__Np,Cer_NDS d50:1_1
Cer_NDS.d50:2__Np,Cer_NDS d50:2
Cer_NDS.d52:1__Np,Cer_NDS d52:1
Cer_NP.t14:2_34:0__Np,Cer_NP t14:2_34:0
Cer_NP.t16:0_31:1__Np,Cer_NP t16:0_31:1
Cer_NP.t16:0_31:1_1__Np,Cer_NP t16:0_31:1_1
Cer_NP.t17:0_14:0__Np,Cer_NP t17:0_14:0
Cer_NP.t17:0_16:0__Np,Cer_NP t17:0_16:0
Cer_NP.t17:0_16:0__Np,Cer_NP t17:0_16:0
Cer_NP.t17:0_20:0__Np,Cer_NP t17:0_20:0
Cer_NP.t17:0_22:0__Np,Cer_NP t17:0_22:0
Cer_NP.t17:0_22:1__Np,Cer_NP t17:0_22:1
Cer_NP.t17:0_24:0__Np,Cer_NP t17:0_24:0
Cer_NP.t17:0_26:0__Np,Cer_NP t17:0_26:0
Cer_NP.t18:0_16:0__Np,Cer_NP t18:0_16:0
Cer_NP.t18:0_20:0__Np,Cer_NP t18:0_20:0
Cer_NP.t18:0_24:2__Np,Cer_NP t18:0_24:2
Cer_NP.t19:0_24:0__Np,Cer_NP t19:0_24:0
Cer_NP.t21:1_28:0__Np,Cer_NP t21:1_28:0
Cer_NP.t22:0_24:0__Np,Cer_NP t22:0_24:0
Cer_NP.t22:0_28:0__Np,Cer_NP t22:0_28:0
Cer_NP.t22:0_30:0__Np,Cer_NP t22:0_30:0
Cer_NP.t36:0__Np,Cer_NP t36:0
Cer_NP.t36:1__Np,Cer_NP t36:1
Cer_NP.t37:0__Np,Cer_NP t37:0
Cer_NP.t38:1__Np,Cer_NP t38:1
Cer_NP.t40:0__Np,Cer_NP t40:0
Cer_NP.t40:2__Np,Cer_NP t40:2
Cer_NP.t41:0__Np,Cer_NP t41:0
Cer_NP.t41:1__Np,Cer_NP t41:1
Cer_NP.t42:0__Np,Cer_NP t42:0
Cer_NP.t45:0__Np,Cer_NP t45:0
Cer_NP.t45:2__Np,Cer_NP t45:2
Cer_NP.t46:1__Np,Cer_NP t46:1
Cer_NP.t46:2__Np,Cer_NP t46:2
Cer_NP.t47:0__Np,Cer_NP t47:0
Cer_NP.t47:1__Np,Cer_NP t47:1
Cer_NP.t48:1__Np,Cer_NP t48:1
Cer_NP.t49:1__Np,Cer_NP t49:1
Cer_NP.t50:1__Np,Cer_NP t50:1
Cer_NP.t50:1__Np,Cer_NP t50:1
Cer_NP.t50:2__Np,Cer_NP t50:2
Cer_NP.t50:2__Np,Cer_NP t50:2
Cer_NP.t53:1__Np,Cer_NP t53:1
Cer_NP.t53:2__Np,Cer_NP t53:2
Cer_NP.t54:1__Np,Cer_NP t54:1
Cer_NP.t54:2__Np,Cer_NP t54:2
Cer_NS.d16:1_16:0__Np,Cer_NS d16:1_16:0
Cer_NS.d16:1_16:0__Np,Cer_NS d16:1_16:0
Cer_NS.d16:1_16:1__Np,Cer_NS d16:1_16:1
Cer_NS.d16:1_16:1__Pp,Cer_NS d16:1_16:1
Cer_NS.d16:1_18:1__Np,Cer_NS d16:1_18:1
Cer_NS.d16:1_19:0__Np,Cer_NS d16:1_19:0
Cer_NS.d16:1_20:0__Np,Cer_NS d16:1_20:0
Cer_NS.d16:1_20:0__Np,Cer_NS d16:1_20:0
Cer_NS.d16:1_20:0__Pp,Cer_NS d16:1_20:0
Cer_NS.d16:1_22:0__Np,Cer_NS d16:1_22:0
Cer_NS.d16:1_22:0__Np,Cer_NS d16:1_22:0
Cer_NS.d16:1_22:0__Pp,Cer_NS d16:1_22:0
Cer_NS.d16:1_24:0__Pp,Cer_NS d16:1_24:0
Cer_NS.d16:1_26:0__Pp,Cer_NS d16:1_26:0
Cer_NS.d16:1_28:0__Np,Cer_NS d16:1_28:0
Cer_NS.d17:1_14:0__Np,Cer_NS d17:1_14:0
Cer_NS.d17:1_16:0__Np,Cer_NS d17:1_16:0
Cer_NS.d17:1_16:1__Pp,Cer_NS d17:1_16:1
Cer_NS.d17:1_18:0__Np,Cer_NS d17:1_18:0
Cer_NS.d17:1_20:0__Np,Cer_NS d17:1_20:0
Cer_NS.d17:1_20:0__Np,Cer_NS d17:1_20:0
Cer_NS.d17:1_22:0__Np,Cer_NS d17:1_22:0
Cer_NS.d17:1_22:0__Pp,Cer_NS d17:1_22:0
Cer_NS.d17:1_24:0__Np,Cer_NS d17:1_24:0
Cer_NS.d17:1_24:0__Np,Cer_NS d17:1_24:0
Cer_NS.d17:1_28:0__Pp,Cer_NS d17:1_28:0
Cer_NS.d18:1_16:0__Np,Cer_NS d18:1_16:0
Cer_NS.d18:1_16:0__Np,Cer_NS d18:1_16:0
Cer_NS.d18:1_16:0__Pp,Cer_NS d18:1_16:0
Cer_NS.d18:1_16:1__Pp,Cer_NS d18:1_16:1
Cer_NS.d18:1_17:0__Pp,Cer_NS d18:1_17:0
Cer_NS.d18:1_24:1__Np,Cer_NS d18:1_24:1
Cer_NS.d18:1_24:1__Np,Cer_NS d18:1_24:1
Cer_NS.d20:1_26:0__Pp,Cer_NS d20:1_26:0
Cer_NS.d20:1_30:1__Np,Cer_NS d20:1_30:1
Cer_NS.d21:1_28:0__Pp,Cer_NS d21:1_28:0
Cer_NS.d21:1_30:0__Pp,Cer_NS d21:1_30:0
Cer_NS.d22:1_28:0__Pp,Cer_NS d22:1_28:0
Cer_NS.d22:1_29:0__Np,Cer_NS d22:1_29:0
Cer_NS.d22:1_30:0__Pp,Cer_NS d22:1_30:0
Cer_NS.d22:1_30:1__Pp,Cer_NS d22:1_30:1
Cer_NS.d22:1_32:2__Np,Cer_NS d22:1_32:2
Cer_NS.d23:2_29:1__Np,Cer_NS d23:2_29:1
Cer_NS.d35:1__Np,Cer_NS d35:1
Cer_NS.d36:2__Np,Cer_NS d36:2
Cer_NS.d37:1__Pp,Cer_NS d37:1
Cer_NS.d39:1__Np,Cer_NS d39:1
Cer_NS.d40:1__Np,Cer_NS d40:1
Cer_NS.d40:1__Np,Cer_NS d40:1
Cer_NS.d40:2__Np,Cer_NS d40:2
Cer_NS.d44:1__Pp,Cer_NS d44:1
Cer_NS.d46:1__Np,Cer_NS d46:1
Cer_NS.d47:1__Np,Cer_NS d47:1
Cer_NS.d48:1__Pp,Cer_NS d48:1
Cer_NS.d48:2__Np,Cer_NS d48:2
Cer_NS.d49:1__Np,Cer_NS d49:1
Cer_NS.d52:1__Np,Cer_NS d52:1
Cer_NS.d52:2__Np,Cer_NS d52:2
Cer_NS.d54:3__Np,Cer_NS d54:3
Cer_NS.d56:3__Np,Cer_NS d56:3
Cer.23:1;O2|Cer.12:1;O2/11:0__Pp,Cer 23:1;O2|Cer 12:1;O2/11:0
Cer.31:0;O3|Cer.17:0;O2/14:0;O__Pp,Cer 31:0;O3|Cer 17:0;O2/14:0;O
Cer.31:1;O3|Cer.17:1;O2/14:0;O__Pp,Cer 31:1;O3|Cer 17:1;O2/14:0;O
Cer.32:0;O3|Cer.18:0;O2/14:0;O__Pp,Cer 32:0;O3|Cer 18:0;O2/14:0;O
Cer.32:1;O3|Cer.16:1;O2/16:0;O__Pp,Cer 32:1;O3|Cer 16:1;O2/16:0;O
Cer.32:2;O2|Cer.16:1;O2/16:1__Pp,Cer 32:2;O2|Cer 16:1;O2/16:1
Cer.32:2;O2|Cer.16:1;O2/16:1_1__Pp,Cer 32:2;O2|Cer 16:1;O2/16:1_1
Cer.33:0;O3|Cer.17:0;O2/16:0;O__Pp,Cer 33:0;O3|Cer 17:0;O2/16:0;O
Cer.33:1;O2|Cer.17:1;O2/16:0__Pp,Cer 33:1;O2|Cer 17:1;O2/16:0
Cer.33:1;O3|Cer.17:1;O2/16:0;O__Pp,Cer 33:1;O3|Cer 17:1;O2/16:0;O
Cer.33:2;O2|Cer.17:1;O2/16:1__Pp,Cer 33:2;O2|Cer 17:1;O2/16:1
Cer.34:0;O2|Cer.18:0;O2/16:0__Pp,Cer 34:0;O2|Cer 18:0;O2/16:0
Cer.34:0;O3|Cer.18:0;O2/16:0;O__Pp,Cer 34:0;O3|Cer 18:0;O2/16:0;O
Cer.34:1;O2|Cer.18:1;O2/16:0__Pp,Cer 34:1;O2|Cer 18:1;O2/16:0
Cer.34:1;O3|Cer.18:1;O2/16:0;O__Pp,Cer 34:1;O3|Cer 18:1;O2/16:0;O
Cer.34:1;O3|Cer.18:1;O2/16:0;O_1__Pp,Cer 34:1;O3|Cer 18:1;O2/16:0;O_1
Cer.35:1;O2|Cer.16:1;O2/19:0__Pp,Cer 35:1;O2|Cer 16:1;O2/19:0
Cer.36:0;O3|Cer.16:0;O2/20:0;O__Pp,Cer 36:0;O3|Cer 16:0;O2/20:0;O
Cer.36:1;O2|Cer.16:1;O2/20:0__Pp,Cer 36:1;O2|Cer 16:1;O2/20:0
Cer.37:1;O2|Cer.17:1;O2/20:0__Pp,Cer 37:1;O2|Cer 17:1;O2/20:0
Cer.38:0;O2|Cer.18:0;O2/20:0__Pp,Cer 38:0;O2|Cer 18:0;O2/20:0
Cer.38:0;O3|Cer.20:0;O2/18:0;O__Pp,Cer 38:0;O3|Cer 20:0;O2/18:0;O
Cer.38:1;O2|Cer.16:1;O2/22:0__Pp,Cer 38:1;O2|Cer 16:1;O2/22:0
Cer.39:1;O2|Cer.12:0;O2/27:1__Pp,Cer 39:1;O2|Cer 12:0;O2/27:1
Cer.39:1;O2|Cer.17:1;O2/22:0__Pp,Cer 39:1;O2|Cer 17:1;O2/22:0
Cer.40:0;O2|Cer.16:0;O2/24:0__Pp,Cer 40:0;O2|Cer 16:0;O2/24:0
Cer.40:0;O4|Cer.16:0;O3/24:0(2OH)__Pp,Cer 40:0;O4|Cer 16:0;O3/24:0(2OH)
Cer.40:1;O2|Cer.18:1;O2/22:0__Pp,Cer 40:1;O2|Cer 18:1;O2/22:0
Cer.40:1;O2|Cer.25:0;O2/15:1__Pp,Cer 40:1;O2|Cer 25:0;O2/15:1
Cer.40:1;O3|Cer.16:1;O2/24:0;O__Pp,Cer 40:1;O3|Cer 16:1;O2/24:0;O
Cer.41:0;O2|Cer.17:0;O2/24:0__Pp,Cer 41:0;O2|Cer 17:0;O2/24:0
Cer.41:1;O2|Cer.17:1;O2/24:0__Pp,Cer 41:1;O2|Cer 17:1;O2/24:0
Cer.41:1;O3|Cer.17:1;O2/24:0;O__Pp,Cer 41:1;O3|Cer 17:1;O2/24:0;O
Cer.41:2;O2|Cer.20:2;O2/21:0__Pp,Cer 41:2;O2|Cer 20:2;O2/21:0
Cer.42:1;O2|Cer.16:1;O2/26:0__Pp,Cer 42:1;O2|Cer 16:1;O2/26:0
Cer.42:1;O3|Cer.16:1;O2/26:0;O__Pp,Cer 42:1;O3|Cer 16:1;O2/26:0;O
Cer.42:2;O2|Cer.16:1;O2/26:1__Pp,Cer 42:2;O2|Cer 16:1;O2/26:1
Cer.43:1;O2|Cer.17:1;O2/26:0__Pp,Cer 43:1;O2|Cer 17:1;O2/26:0
Cer.44:1;O2|Cer.16:1;O2/28:0__Pp,Cer 44:1;O2|Cer 16:1;O2/28:0
Cer.44:1;O3|Cer.18:1;O2/26:0;O__Pp,Cer 44:1;O3|Cer 18:1;O2/26:0;O
Cer.45:0;O3|Cer.17:0;O2/28:0;O__Pp,Cer 45:0;O3|Cer 17:0;O2/28:0;O
Cer.45:0;O4|Cer.22:0;O3/23:0(2OH)__Pp,Cer 45:0;O4|Cer 22:0;O3/23:0(2OH)
Cer.45:1;O2|Cer.17:1;O2/28:0__Pp,Cer 45:1;O2|Cer 17:1;O2/28:0
Cer.46:0;O3|Cer.24:0;O2/22:0;O__Pp,Cer 46:0;O3|Cer 24:0;O2/22:0;O
Cer.46:0;O4|Cer.22:0;O3/24:0(2OH)__Pp,Cer 46:0;O4|Cer 22:0;O3/24:0(2OH)
Cer.46:1;O2|Cer.22:1;O2/24:0__Pp,Cer 46:1;O2|Cer 22:1;O2/24:0
Cer.46:1;O3|Cer.20:1;O2/26:0;O__Pp,Cer 46:1;O3|Cer 20:1;O2/26:0;O
Cer.47:1;O2|Cer.17:1;O2/30:0__Pp,Cer 47:1;O2|Cer 17:1;O2/30:0
Cer.48:0;O2|Cer.22:0;O2/26:0__Pp,Cer 48:0;O2|Cer 22:0;O2/26:0
Cer.48:0;O3|Cer.22:0;O2/26:0;O__Pp,Cer 48:0;O3|Cer 22:0;O2/26:0;O
Cer.48:1;O2|Cer.20:1;O2/28:0__Pp,Cer 48:1;O2|Cer 20:1;O2/28:0
Cer.48:1;O3|Cer.22:1;O2/26:0;O__Pp,Cer 48:1;O3|Cer 22:1;O2/26:0;O
Cer.49:0;O3|Cer.25:0;O2/24:0;O__Pp,Cer 49:0;O3|Cer 25:0;O2/24:0;O
Cer.49:1;O2|Cer.22:1;O2/27:0__Pp,Cer 49:1;O2|Cer 22:1;O2/27:0
Cer.50:1;O2|Cer.22:1;O2/28:0__Pp,Cer 50:1;O2|Cer 22:1;O2/28:0
Cer.50:1;O3|Cer.22:1;O2/28:0;O__Pp,Cer 50:1;O3|Cer 22:1;O2/28:0;O
Cer.50:2;O2|Cer.22:1;O2/28:1__Pp,Cer 50:2;O2|Cer 22:1;O2/28:1
Cer.51:1;O2|Cer.21:1;O2/30:0__Pp,Cer 51:1;O2|Cer 21:1;O2/30:0
Cer.51:1;O3|Cer.22:1;O2/29:0;O__Pp,Cer 51:1;O3|Cer 22:1;O2/29:0;O
Cer.51:2;O2|Cer.21:1;O2/30:1__Pp,Cer 51:2;O2|Cer 21:1;O2/30:1
Cer.51:8;O2|Cer.29:2;O2/22:6__Pp,Cer 51:8;O2|Cer 29:2;O2/22:6
Cer.52:1;O2|Cer.22:1;O2/30:0__Pp,Cer 52:1;O2|Cer 22:1;O2/30:0
Cer.52:1;O3|Cer.22:1;O2/30:0;O__Pp,Cer 52:1;O3|Cer 22:1;O2/30:0;O
Cer.52:1;O3|Cer.22:1;O2/30:0;O_1__Pp,Cer 52:1;O3|Cer 22:1;O2/30:0;O_1
Cer.52:2;O2|Cer.22:1;O2/30:1__Pp,Cer 52:2;O2|Cer 22:1;O2/30:1
Cer.53:2;O2|Cer.21:1;O2/32:1__Pp,Cer 53:2;O2|Cer 21:1;O2/32:1
Cer.54:1;O3|Cer.20:1;O2/34:0;O__Pp,Cer 54:1;O3|Cer 20:1;O2/34:0;O
Cer.56:2;O3|Cer.22:1;O2/34:1;O__Pp,Cer 56:2;O3|Cer 22:1;O2/34:1;O
Cer.67:4;O4|Cer.20:2;O2/47:2;O2__Pp,Cer 67:4;O4|Cer 20:2;O2/47:2;O2
Cer.70:5;O4|Cer.20:2;O2/50:3;O2__Pp,Cer 70:5;O4|Cer 20:2;O2/50:3;O2
Cer.71:4;O4|Cer.22:2;O2/49:2;O2__Pp,Cer 71:4;O4|Cer 22:2;O2/49:2;O2
Cer.72:4;O4|Cer.22:2;O2/50:2;O2__Pp,Cer 72:4;O4|Cer 22:2;O2/50:2;O2
Cer.72:5;O4|Cer.20:2;O2/52:3;O2__Pp,Cer 72:5;O4|Cer 20:2;O2/52:3;O2
Cer.72:6;O4|Cer.22:2;O2/50:4;O2__Pp,Cer 72:6;O4|Cer 22:2;O2/50:4;O2
Cer.73:5;O4|Cer.21:2;O2/52:3;O2__Pp,Cer 73:5;O4|Cer 21:2;O2/52:3;O2
DG_d5.31:1__Pp,DG_d5 31:1
DG_d5.38:1__Pp,DG_d5 38:1
DG_d5.42:1__Pp,DG_d5 42:1
DG.16:0_16:1__Pp,DG 16:0_16:1
DG.16:0_18:0__Pp,DG 16:0_18:0
DG.16:0_18:1__Pp,DG 16:0_18:1
DG.16:1_16:1__Pp,DG 16:1_16:1
DG.18:0_18:0__Pp,DG 18:0_18:0
DG.18:0_18:1__Pp,DG 18:0_18:1
DG.18:1_18:1__Pp,DG 18:1_18:1
DG.18:1_18:2__Pp,DG 18:1_18:2
DG.23:3__Pp,DG 23:3
DG.27:4__Pp,DG 27:4
DG.30:1__Pp,DG 30:1
DG.30:5__Pp,DG 30:5
DG.31:1__Pp,DG 31:1
DG.32:0|DG.16:0_16:0__Pp,DG 32:0|DG 16:0_16:0
DG.32:1|DG.14:0_18:1__Pp,DG 32:1|DG 14:0_18:1
DG.34:0|DG.16:0_18:0__Pp,DG 34:0|DG 16:0_18:0
DG.34:1|DG.16:0_18:1__Pp,DG 34:1|DG 16:0_18:1
DG.34:2|DG.16:0_18:2__Pp,DG 34:2|DG 16:0_18:2
DG.34:3__Pp,DG 34:3
DG.36:0|DG.18:0_18:0__Pp,DG 36:0|DG 18:0_18:0
DG.36:1|DG.18:0_18:1__Pp,DG 36:1|DG 18:0_18:1
DG.36:2|DG.18:1_18:1__Pp,DG 36:2|DG 18:1_18:1
DG.36:3|DG.18:1_18:2__Pp,DG 36:3|DG 18:1_18:2
DG.36:4|DG.18:2_18:2__Pp,DG 36:4|DG 18:2_18:2
DG.37:3__Pp,DG 37:3
DG.38:2__Pp,DG 38:2
DG.38:3__Pp,DG 38:3
DG.38:4|DG.18:0_20:4__Pp,DG 38:4|DG 18:0_20:4
DG.39:3__Pp,DG 39:3
DG.40:5__Pp,DG 40:5
DG.40:6__Pp,DG 40:6
DG.40:9__Pp,DG 40:9
DG.41:2__Pp,DG 41:2
DG.42:4__Pp,DG 42:4
DG.43:2__Pp,DG 43:2
DG.43:3__Pp,DG 43:3
DG.43:7__Pp,DG 43:7
DG.43:8__Pp,DG 43:8
DG.44:12__Pp,DG 44:12
DG.45:3__Pp,DG 45:3
DG.45:4__Pp,DG 45:4
DG.45:9__Pp,DG 45:9
DG.46:8__Pp,DG 46:8
DG.46:8_1__Pp,DG 46:8_1
DG.47:7__Pp,DG 47:7
DG.47:8__Pp,DG 47:8
DG.47:9__Pp,DG 47:9
DG.47:9_1__Pp,DG 47:9_1
DG.48:7__Pp,DG 48:7
DG.48:8__Pp,DG 48:8
DG.48:9__Pp,DG 48:9
DG.49:10__Pp,DG 49:10
DG.49:13__Pp,DG 49:13
DG.49:13_1__Pp,DG 49:13_1
DG.49:7__Pp,DG 49:7
DG.49:8__Pp,DG 49:8
DG.49:9__Pp,DG 49:9
DG.50:9__Pp,DG 50:9
DG.51:10__Pp,DG 51:10
DG.51:8__Pp,DG 51:8
DGCC.34:2__Pp,DGCC 34:2
DGGA.34:1|DGGA.16:0_18:1__Pp,DGGA 34:1|DGGA 16:0_18:1
DGGA.36:2|DGGA.18:1_18:1__Pp,DGGA 36:2|DGGA 18:1_18:1
DGTS.16:0_18:1__Pp,DGTS 16:0_18:1
DGTS.16:0_22:2__Pp,DGTS 16:0_22:2
DGTS.18:1_18:1__Pp,DGTS 18:1_18:1
DGTS.18:1_19:1__Pp,DGTS 18:1_19:1
DGTS.35:1|DGTS.16:0_19:1__Pp,DGTS 35:1|DGTS 16:0_19:1
DGTS.36:1|DGTS.18:0_18:1__Pp,DGTS 36:1|DGTS 18:0_18:1
DGTS.37:2__Pp,DGTS 37:2
DGTS.38:2|DGTS.19:1_19:1__Pp,DGTS 38:2|DGTS 19:1_19:1
DGTS.46:5__Pp,DGTS 46:5
EOS(d9).(d18:1-d9/32:0/18:2)__Pp,EOS(d9) (d18:1-d9/32:0/18:2)
EtherOxPC.18:0e_20:3+1O__Np,EtherOxPC 18:0e_20:3+1O
EtherPC.16:1e_16:0__Np,EtherPC 16:1e_16:0
EtherPC.16:1e_18:1__Np,EtherPC 16:1e_18:1
EtherPC.16:1e_18:2__Np,EtherPC 16:1e_18:2
EtherPC.16:1e_20:4__Np,EtherPC 16:1e_20:4
EtherPC.16:1e_20:4__Np,EtherPC 16:1e_20:4
EtherPC.18:0e_20:4__Np,EtherPC 18:0e_20:4
EtherPC.18:1e_16:0__Np,EtherPC 18:1e_16:0
EtherPC.18:1e_16:0__Np,EtherPC 18:1e_16:0
EtherPC.18:1e_18:2__Np,EtherPC 18:1e_18:2
EtherPC.18:1e_20:4__Np,EtherPC 18:1e_20:4
EtherPC.18:1e_20:4__Np,EtherPC 18:1e_20:4
EtherPC.18:1e_20:4_1__Np,EtherPC 18:1e_20:4_1
EtherPC.18:2e_18:2__Np,EtherPC 18:2e_18:2
EtherPC.18:2e_18:2__Np,EtherPC 18:2e_18:2
EtherPC.18:2e_20:4__Np,EtherPC 18:2e_20:4
EtherPC.18:2e_20:4__Np,EtherPC 18:2e_20:4
EtherPC.18:3e_20:4__Np,EtherPC 18:3e_20:4
EtherPE.14:1e_16:1__Np,EtherPE 14:1e_16:1
EtherPE.14:1e_20:4__Np,EtherPE 14:1e_20:4
EtherPE.14:1e_20:4__Np,EtherPE 14:1e_20:4
EtherPE.16:1e_16:1__Np,EtherPE 16:1e_16:1
EtherPE.16:1e_16:1__Np,EtherPE 16:1e_16:1
EtherPE.16:1e_18:1__Np,EtherPE 16:1e_18:1
EtherPE.16:1e_18:1__Np,EtherPE 16:1e_18:1
EtherPE.16:1e_18:2__Np,EtherPE 16:1e_18:2
EtherPE.16:1e_18:2__Np,EtherPE 16:1e_18:2
EtherPE.16:1e_20:4__Np,EtherPE 16:1e_20:4
EtherPE.16:1e_20:4__Np,EtherPE 16:1e_20:4
EtherPE.16:1e_22:4__Np,EtherPE 16:1e_22:4
EtherPE.16:1e_22:4__Np,EtherPE 16:1e_22:4
EtherPE.16:2e_18:2__Np,EtherPE 16:2e_18:2
EtherPE.18:1e_18:1__Np,EtherPE 18:1e_18:1
EtherPE.18:1e_18:2__Np,EtherPE 18:1e_18:2
EtherPE.18:1e_20:3__Np,EtherPE 18:1e_20:3
EtherPE.18:1e_20:4__Np,EtherPE 18:1e_20:4
EtherPE.18:1e_20:4__Np,EtherPE 18:1e_20:4
EtherPE.18:1e_22:4__Np,EtherPE 18:1e_22:4
EtherPE.18:1e_22:5__Np,EtherPE 18:1e_22:5
EtherPE.18:2e_18:2__Np,EtherPE 18:2e_18:2
EtherPE.18:2e_18:2__Np,EtherPE 18:2e_18:2
EtherPE.18:2e_20:4__Np,EtherPE 18:2e_20:4
EtherPE.18:2e_20:4__Np,EtherPE 18:2e_20:4
EtherPE.18:2e_22:4__Np,EtherPE 18:2e_22:4
EtherPE.18:2e_22:4__Np,EtherPE 18:2e_22:4
EtherPE.18:2e_22:6__Np,EtherPE 18:2e_22:6
EtherPE.18:3e_18:2__Np,EtherPE 18:3e_18:2
EtherPE.18:3e_20:4__Np,EtherPE 18:3e_20:4
EtherPE.40:7e__Np,EtherPE 40:7e
EtherPE.40:7e__Np,EtherPE 40:7e
FA.16:0__Np,FA 16:0
FA.16:0__Np,FA 16:0
FA.16:0_1__Np,FA 16:0_1
FA.16:0_1__Np,FA 16:0_1
FA.16:1__Np,FA 16:1
FA.16:1__Np,FA 16:1
FA.17:0__Np,FA 17:0
FA.17:0__Np,FA 17:0
FA.18:0__Np,FA 18:0
FA.18:0__Np,FA 18:0
FA.18:0_1__Np,FA 18:0_1
FA.18:1__Np,FA 18:1
FA.18:1__Np,FA 18:1
FA.18:2__Np,FA 18:2
FA.18:2__Np,FA 18:2
FA.19:0__Np,FA 19:0
FA.20:0__Np,FA 20:0
FA.20:0__Np,FA 20:0
FA.20:0_1__Np,FA 20:0_1
FA.20:0_2__Np,FA 20:0_2
FA.20:0_3__Np,FA 20:0_3
FA.20:1__Np,FA 20:1
FA.20:1__Np,FA 20:1
FA.20:2__Np,FA 20:2
FA.20:3__Np,FA 20:3
FA.20:3__Np,FA 20:3
FA.20:5__Np,FA 20:5
FA.20:6__Np,FA 20:6
FA.21:0__Np,FA 21:0
FA.21:0__Np,FA 21:0
FA.21:0_1__Np,FA 21:0_1
FA.22:0__Np,FA 22:0
FA.22:0__Np,FA 22:0
FA.22:0_1__Np,FA 22:0_1
FA.22:0_2__Np,FA 22:0_2
FA.22:0_3__Np,FA 22:0_3
FA.22:0_4__Np,FA 22:0_4
FA.22:0_5__Np,FA 22:0_5
FA.22:1__Np,FA 22:1
FA.22:1__Np,FA 22:1
FA.22:2__Np,FA 22:2
FA.22:4__Np,FA 22:4
FAHFA.16:0_18:2__Np,FAHFA 16:0_18:2
FAHFA.16:0_2:0__Np,FAHFA 16:0_2:0
FAHFA.16:1_16:1__Np,FAHFA 16:1_16:1
FAHFA.16:1_18:3__Np,FAHFA 16:1_18:3
FAHFA.16:1_18:3__Np,FAHFA 16:1_18:3
FAHFA.16:1_8:0__Np,FAHFA 16:1_8:0
FAHFA.16:1_9:0__Np,FAHFA 16:1_9:0
FAHFA.18:0_20:2__Np,FAHFA 18:0_20:2
FAHFA.18:1_20:3__Np,FAHFA 18:1_20:3
FAHFA.2:0_18:0__Np,FAHFA 2:0_18:0
FAHFA.20:1_20:2__Np,FAHFA 20:1_20:2
FAHFA.24:0_2:0__Np,FAHFA 24:0_2:0
GlcADG.14:0_18:5__Np,GlcADG 14:0_18:5
GlcADG.18:1_18:1__Pp,GlcADG 18:1_18:1
HexCer_AP.t18:0_16:0__Np,HexCer_AP t18:0_16:0
HexCer_AP.t25:1_30:1__Np,HexCer_AP t25:1_30:1
HexCer_NDS.d36:1__Np,HexCer_NDS d36:1
HexCer_NDS.d40:1__Np,HexCer_NDS d40:1
HexCer_NDS.d42:0__Np,HexCer_NDS d42:0
LPC.16:0/0:0__Np,LPC 16:0/0:0
LPC.16:0/0:0__Np,LPC 16:0/0:0
LPC.16:0/0:0_1__Np,LPC 16:0/0:0_1
LPC.16:1/0:0__Np,LPC 16:1/0:0
LPC.16:1/0:0__Np,LPC 16:1/0:0
LPC.18:0/0:0__Np,LPC 18:0/0:0
LPC.18:0/0:0__Np,LPC 18:0/0:0
LPC.18:1/0:0__Np,LPC 18:1/0:0
LPC.18:1/0:0__Np,LPC 18:1/0:0
LPC.18:1/0:0_1__Np,LPC 18:1/0:0_1
LPC.18:1/0:0(d7)__Np,LPC 18:1/0:0(d7)
LPC.18:1/0:0(d7)__Np,LPC 18:1/0:0(d7)
LPC.18:1/0:0(d7)__Pp,LPC 18:1/0:0(d7)
LPC.18:1/0:0(d7)_1__Np,LPC 18:1/0:0(d7)_1
LPC.18:1/0:0(d7)_1__Np,LPC 18:1/0:0(d7)_1
LPC.18:2/0:0__Np,LPC 18:2/0:0
LPC.18:2/0:0__Np,LPC 18:2/0:0
LPC.18:2/0:0_1__Np,LPC 18:2/0:0_1
LPC.20:4/0:0__Np,LPC 20:4/0:0
LPE.16:0__Np,LPE 16:0
LPE.16:0__Np,LPE 16:0
LPE.16:1__Np,LPE 16:1
LPE.18:0__Np,LPE 18:0
LPE.18:0__Np,LPE 18:0
LPE.18:1__Np,LPE 18:1
LPE.18:1__Np,LPE 18:1
LPE.18:1_1__Np,LPE 18:1_1
LPE.18:1(d7)__Np,LPE 18:1(d7)
LPE.18:1(d7)__Np,LPE 18:1(d7)
LPE.18:1(d7)_1__Np,LPE 18:1(d7)_1
LPE.18:1(d7)_1__Np,LPE 18:1(d7)_1
LPE.18:2__Np,LPE 18:2
LPE.18:2__Np,LPE 18:2
LPE.20:4__Np,LPE 20:4
LPE.20:4__Np,LPE 20:4
NAE.22:0__Pp,NAE 22:0
NAE.22:3__Pp,NAE 22:3
NAE.22:4__Pp,NAE 22:4
NAE.22:5__Pp,NAE 22:5
NAE.24:0__Pp,NAE 24:0
NAE.25:1__Pp,NAE 25:1
NAE.26:5__Pp,NAE 26:5
NAE.26:5_1__Pp,NAE 26:5_1
NAE.9:0__Pp,NAE 9:0
PC.14:0_14:0__Np,PC 14:0_14:0
PC.14:0_16:0__Np,PC 14:0_16:0
PC.14:0_16:0__Np,PC 14:0_16:0
PC.14:0_16:1__Np,PC 14:0_16:1
PC.14:0_16:1__Np,PC 14:0_16:1
PC.14:1_16:1__Np,PC 14:1_16:1
PC.15:0_16:1__Np,PC 15:0_16:1
PC.15:0_18:1__Np,PC 15:0_18:1
PC.15:0_18:1__Np,PC 15:0_18:1
PC.15:0_18:1(d7)__Np,PC 15:0_18:1(d7)
PC.15:0_18:1(d7)__Np,PC 15:0_18:1(d7)
PC.15:0_18:1(d7)__Pp,PC 15:0_18:1(d7)
PC.15:0_18:2__Np,PC 15:0_18:2
PC.15:0_18:2__Np,PC 15:0_18:2
PC.16:0_16:0__Np,PC 16:0_16:0
PC.16:0_16:0__Np,PC 16:0_16:0
PC.16:0_16:0__Pp,PC 16:0_16:0
PC.16:0_16:1__Np,PC 16:0_16:1
PC.16:0_16:1__Np,PC 16:0_16:1
PC.16:0_16:1__Pp,PC 16:0_16:1
PC.16:0_17:0__Np,PC 16:0_17:0
PC.16:0_18:0__Np,PC 16:0_18:0
PC.16:0_18:0__Np,PC 16:0_18:0
PC.16:0_18:1__Np,PC 16:0_18:1
PC.16:0_18:1__Np,PC 16:0_18:1
PC.16:0_18:2__Np,PC 16:0_18:2
PC.16:0_18:2__Np,PC 16:0_18:2
PC.16:0_18:2__Pp,PC 16:0_18:2
PC.16:0_19:1__Np,PC 16:0_19:1
PC.16:0_20:4__Np,PC 16:0_20:4
PC.16:0_20:4__Np,PC 16:0_20:4
PC.16:1_16:1__Np,PC 16:1_16:1
PC.16:1_16:1__Np,PC 16:1_16:1
PC.16:1_18:2__Np,PC 16:1_18:2
PC.16:1_18:2__Np,PC 16:1_18:2
PC.16:1_20:4__Np,PC 16:1_20:4
PC.16:1_24:1__Np,PC 16:1_24:1
PC.17:0_16:1__Np,PC 17:0_16:1
PC.17:0_18:1__Np,PC 17:0_18:1
PC.18:0_18:1__Np,PC 18:0_18:1
PC.18:0_18:1__Np,PC 18:0_18:1
PC.18:0_18:1__Pp,PC 18:0_18:1
PC.18:0_18:2__Np,PC 18:0_18:2
PC.18:0_18:2__Np,PC 18:0_18:2
PC.18:0_20:3__Np,PC 18:0_20:3
PC.18:0_20:3__Np,PC 18:0_20:3
PC.18:0_20:4__Np,PC 18:0_20:4
PC.18:0_20:4__Np,PC 18:0_20:4
PC.18:0_20:4__Pp,PC 18:0_20:4
PC.18:0_22:4__Np,PC 18:0_22:4
PC.18:1_18:2__Np,PC 18:1_18:2
PC.18:1_18:2__Np,PC 18:1_18:2
PC.18:1_18:2__Pp,PC 18:1_18:2
PC.18:1_20:4__Np,PC 18:1_20:4
PC.18:1_20:4__Np,PC 18:1_20:4
PC.18:2_18:2__Np,PC 18:2_18:2
PC.18:2_18:2__Np,PC 18:2_18:2
PC.18:2_20:2__Np,PC 18:2_20:2
PC.18:2_20:2__Np,PC 18:2_20:2
PC.18:2_20:4__Np,PC 18:2_20:4
PC.18:2_20:4__Np,PC 18:2_20:4
PC.19:0_18:2__Np,PC 19:0_18:2
PC.20:1_20:4__Np,PC 20:1_20:4
PC.20:2_20:4__Np,PC 20:2_20:4
PC.20:4_20:4__Np,PC 20:4_20:4
PC.22:0_18:1__Np,PC 22:0_18:1
PC.22:1_18:2__Np,PC 22:1_18:2
PC.30:0__Pp,PC 30:0
PC.30:2__Pp,PC 30:2
PC.32:0|PC.16:0_16:0__Pp,PC 32:0|PC 16:0_16:0
PC.32:2__Pp,PC 32:2
PC.34:1__Pp,PC 34:1
PC.34:1__Pp,PC 34:1
PC.34:2__Pp,PC 34:2
PC.35:2__Np,PC 35:2
PC.35:2__Pp,PC 35:2
PC.36:1__Pp,PC 36:1
PC.36:2__Pp,PC 36:2
PC.36:2__Pp,PC 36:2
PC.36:2_1__Pp,PC 36:2_1
PC.36:2_1__Pp,PC 36:2_1
PC.36:3__Pp,PC 36:3
PC.36:4__Pp,PC 36:4
PC.36:4__Pp,PC 36:4
PC.36:4_1__Pp,PC 36:4_1
PC.37:1__Np,PC 37:1
PC.37:2__Np,PC 37:2
PC.38:1__Np,PC 38:1
PC.38:2__Np,PC 38:2
PC.38:4__Pp,PC 38:4
PC.38:5__Pp,PC 38:5
PC.40:2__Np,PC 40:2
PC.40:5__Np,PC 40:5
PC.42:2__Np,PC 42:2
PC.O-34:3__Pp,PC O-34:3
PC.O-38:5__Pp,PC O-38:5
PE.14:0_16:1__Np,PE 14:0_16:1
PE.14:1_16:1__Np,PE 14:1_16:1
PE.15:0_16:1__Np,PE 15:0_16:1
PE.15:0_18:1(d7)__Np,PE 15:0_18:1(d7)
PE.15:0_18:1(d7)__Np,PE 15:0_18:1(d7)
PE.15:1_16:1__Np,PE 15:1_16:1
PE.16:0_16:1__Np,PE 16:0_16:1
PE.16:0_16:1__Np,PE 16:0_16:1
PE.16:0_16:1_1__Np,PE 16:0_16:1_1
PE.16:0_18:0__Np,PE 16:0_18:0
PE.16:0_18:1__Np,PE 16:0_18:1
PE.16:0_18:1__Np,PE 16:0_18:1
PE.16:0_18:2__Np,PE 16:0_18:2
PE.16:0_20:4__Np,PE 16:0_20:4
PE.16:0_20:4__Np,PE 16:0_20:4
PE.16:1_16:1__Np,PE 16:1_16:1
PE.16:1_16:1__Np,PE 16:1_16:1
PE.16:1_16:1__Pp,PE 16:1_16:1
PE.16:1_18:1__Np,PE 16:1_18:1
PE.16:1_18:1__Np,PE 16:1_18:1
PE.16:1_18:1_1__Np,PE 16:1_18:1_1
PE.16:1_18:2__Np,PE 16:1_18:2
PE.16:1_20:1__Np,PE 16:1_20:1
PE.16:1_22:1__Np,PE 16:1_22:1
PE.17:0_16:1__Np,PE 17:0_16:1
PE.17:0_16:1__Np,PE 17:0_16:1
PE.17:0_18:2__Np,PE 17:0_18:2
PE.17:0_18:2__Np,PE 17:0_18:2
PE.18:0_18:1__Np,PE 18:0_18:1
PE.18:0_18:1__Np,PE 18:0_18:1
PE.18:0_18:1_1__Np,PE 18:0_18:1_1
PE.18:0_18:2__Np,PE 18:0_18:2
PE.18:0_18:2__Np,PE 18:0_18:2
PE.18:0_18:2_1__Np,PE 18:0_18:2_1
PE.18:0_18:2_1__Np,PE 18:0_18:2_1
PE.18:0_20:3__Np,PE 18:0_20:3
PE.18:0_20:3__Np,PE 18:0_20:3
PE.18:0_20:4__Np,PE 18:0_20:4
PE.18:0_20:4__Np,PE 18:0_20:4
PE.18:0_22:4__Np,PE 18:0_22:4
PE.18:0_22:5__Np,PE 18:0_22:5
PE.18:1_18:1__Np,PE 18:1_18:1
PE.18:1_18:2__Np,PE 18:1_18:2
PE.18:1_18:2__Np,PE 18:1_18:2
PE.18:1_20:4__Np,PE 18:1_20:4
PE.18:1_20:4__Np,PE 18:1_20:4
PE.18:2_18:2__Np,PE 18:2_18:2
PE.18:2_18:2__Np,PE 18:2_18:2
PE.18:2_20:2__Np,PE 18:2_20:2
PE.20:0_18:2__Np,PE 20:0_18:2
PE.20:0_20:4__Np,PE 20:0_20:4
PE.20:1_18:2__Np,PE 20:1_18:2
PE.20:1_18:2__Np,PE 20:1_18:2
PE.34:1__Np,PE 34:1
PE.35:1__Np,PE 35:1
PE.35:1__Np,PE 35:1
PE.36:1__Np,PE 36:1
PE.36:2__Pp,PE 36:2
PE.38:1__Np,PE 38:1
PE.38:2__Np,PE 38:2
PE.38:2__Np,PE 38:2
PE.38:4__Pp,PE 38:4
PG.15:0_18:1(d7)__Np,PG 15:0_18:1(d7)
PG.15:0_18:1(d7)__Np,PG 15:0_18:1(d7)
PG.16:0_18:1__Np,PG 16:0_18:1
PG.18:1_18:2__Np,PG 18:1_18:2
PG.18:2_18:2__Np,PG 18:2_18:2
PI.15:0_18:1(d7)__Np,PI 15:0_18:1(d7)
PI.15:0_18:1(d7)__Np,PI 15:0_18:1(d7)
PI.16:0_16:1__Np,PI 16:0_16:1
PI.16:0_16:1__Np,PI 16:0_16:1
PI.16:0_20:4__Np,PI 16:0_20:4
PI.16:0_20:4__Np,PI 16:0_20:4
PI.16:1_16:1__Np,PI 16:1_16:1
PI.18:0_18:1__Np,PI 18:0_18:1
PI.18:0_18:2__Np,PI 18:0_18:2
PI.18:0_18:2__Np,PI 18:0_18:2
PI.18:0_20:2__Np,PI 18:0_20:2
PI.18:0_20:3__Np,PI 18:0_20:3
PI.18:0_20:3__Np,PI 18:0_20:3
PI.18:0_20:4__Np,PI 18:0_20:4
PI.18:0_20:4__Np,PI 18:0_20:4
PI.18:0_22:4__Np,PI 18:0_22:4
PI.18:0_22:5__Np,PI 18:0_22:5
PI.18:1_18:1__Np,PI 18:1_18:1
PI.18:1_20:4__Np,PI 18:1_20:4
PI.18:1_20:4__Np,PI 18:1_20:4
PI.34:1__Np,PI 34:1
PI.34:1__Np,PI 34:1
PI.36:1__Np,PI 36:1
PI.38:2__Np,PI 38:2
PS.15:0_18:1(d7)__Np,PS 15:0_18:1(d7)
PS.16:1_18:3__Np,PS 16:1_18:3
PS.18:0_18:1__Np,PS 18:0_18:1
PS.18:0_18:1__Np,PS 18:0_18:1
PS.18:0_18:2__Np,PS 18:0_18:2
PS.18:0_18:2__Np,PS 18:0_18:2
PS.18:0_18:2_1__Np,PS 18:0_18:2_1
PS.18:0_20:3__Np,PS 18:0_20:3
PS.18:0_20:3_1__Np,PS 18:0_20:3_1
PS.18:0_20:4__Np,PS 18:0_20:4
PS.18:0_22:4__Np,PS 18:0_22:4
SE.28:2/21:1__Pp,SE 28:2/21:1
SM.34:1;O2__Pp,SM 34:1;O2
SM.36:1;O2__Pp,SM 36:1;O2
SM.d15:1_27:0__Np,SM d15:1_27:0
SM.d17:1_18:0__Np,SM d17:1_18:0
SM.d17:1_24:1__Np,SM d17:1_24:1
SM.d18:1_16:0__Np,SM d18:1_16:0
SM.d18:1_16:0__Np,SM d18:1_16:0
SM.d18:1_18:1(d9)__Np,SM d18:1_18:1(d9)
SM.d18:1_18:1(d9)__Np,SM d18:1_18:1(d9)
SM.d18:1_18:1(d9)__Pp,SM d18:1_18:1(d9)
SM.d18:1_24:1__Np,SM d18:1_24:1
SM.d32:0__Np,SM d32:0
SM.d32:1__Np,SM d32:1
SM.d32:1__Np,SM d32:1
SM.d33:1__Np,SM d33:1
SM.d34:0__Np,SM d34:0
SM.d34:1__Pp,SM d34:1
SM.d34:2__Np,SM d34:2
SM.d34:2__Np,SM d34:2
SM.d35:1__Np,SM d35:1
SM.d36:1__Np,SM d36:1
SM.d36:1__Np,SM d36:1
SM.d36:1__Pp,SM d36:1
SM.d36:2__Np,SM d36:2
SM.d37:1__Np,SM d37:1
SM.d37:1__Np,SM d37:1
SM.d38:1__Np,SM d38:1
SM.d38:1__Np,SM d38:1
SM.d38:1__Pp,SM d38:1
SM.d39:1__Np,SM d39:1
SM.d40:1__Np,SM d40:1
SM.d40:1__Np,SM d40:1
SM.d40:1__Pp,SM d40:1
SM.d40:2__Np,SM d40:2
SM.d41:1__Np,SM d41:1
SM.d41:2__Np,SM d41:2
SM.d42:1__Np,SM d42:1
SM.d42:1__Np,SM d42:1
SM.d42:1__Pp,SM d42:1
SM.d42:2__Np,SM d42:2
SM.d42:2__Pp,SM d42:2
SM.d42:3__Np,SM d42:3
SM.d42:3__Np,SM d42:3
SM.d43:2__Np,SM d43:2
SM.d46:1__Np,SM d46:1
SPB.22:0;O2__Pp,SPB 22:0;O2
ST.27:1;O__Pp,ST 27:1;O
ST.27:1;O_1__Pp,ST 27:1;O_1
ST.27:1;O_2__Pp,ST 27:1;O_2
ST.27:1;O_3__Pp,ST 27:1;O_3
ST.27:2;O__Pp,ST 27:2;O
ST.27:2;O_1__Pp,ST 27:2;O_1
TG_d5.51:4|TG_d5.16:1_17:1_18:2__Pp,TG_d5 51:4|TG_d5 16:1_17:1_18:2
TG_d5.51:4|TG_d5.17:0_17:2_17:2__Pp,TG_d5 51:4|TG_d5 17:0_17:2_17:2
TG_d5.53:3|TG_d5.17:1_18:1_18:1__Pp,TG_d5 53:3|TG_d5 17:1_18:1_18:1
TG_d5.54:6|TG_d5.18:2_18:2_18:2__Pp,TG_d5 54:6|TG_d5 18:2_18:2_18:2
TG_d5.54:7|TG_d5.18:2_18:2_18:3__Pp,TG_d5 54:7|TG_d5 18:2_18:2_18:3
TG_d5.56:6|TG_d5.18:2_18:2_20:2__Pp,TG_d5 56:6|TG_d5 18:2_18:2_20:2
TG_d5.56:7|TG_d5.18:2_20:2_18:3__Pp,TG_d5 56:7|TG_d5 18:2_20:2_18:3
TG_d5.56:8|TG_d5.18:2_18:3_20:3__Pp,TG_d5 56:8|TG_d5 18:2_18:3_20:3
TG_d5.60:5|TG_d5.22:1_18:2_20:2__Pp,TG_d5 60:5|TG_d5 22:1_18:2_20:2
TG_d5.66:0|TG_d5.22:0_22:0_22:0__Pp,TG_d5 66:0|TG_d5 22:0_22:0_22:0
TG.12:0_12:0_18:0__Pp,TG 12:0_12:0_18:0
TG.12:0_12:1_16:0__Pp,TG 12:0_12:1_16:0
TG.12:0_16:0_18:1__Pp,TG 12:0_16:0_18:1
TG.12:1_16:1_18:1__Pp,TG 12:1_16:1_18:1
TG.13:1_16:0_16:0__Pp,TG 13:1_16:0_16:0
TG.13:1_16:0_16:1__Pp,TG 13:1_16:0_16:1
TG.13:1_16:1_16:1__Pp,TG 13:1_16:1_16:1
TG.14:0_14:0_16:0__Pp,TG 14:0_14:0_16:0
TG.14:0_16:0_16:0__Pp,TG 14:0_16:0_16:0
TG.14:0_16:0_18:1__Pp,TG 14:0_16:0_18:1
TG.14:0_16:1_18:1__Pp,TG 14:0_16:1_18:1
TG.14:0_17:1_18:2__Pp,TG 14:0_17:1_18:2
TG.14:0_18:1_18:2__Pp,TG 14:0_18:1_18:2
TG.14:0_18:2_18:2__Pp,TG 14:0_18:2_18:2
TG.14:0_18:2_18:3__Pp,TG 14:0_18:2_18:3
TG.15:0_16:0_16:0__Pp,TG 15:0_16:0_16:0
TG.15:0_16:0_16:1__Pp,TG 15:0_16:0_16:1
TG.15:0_16:0_18:1__Pp,TG 15:0_16:0_18:1
TG.15:0_16:1_16:1__Pp,TG 15:0_16:1_16:1
TG.15:0_18:1(d7)_15:0__Pp,TG 15:0_18:1(d7)_15:0
TG.16:0_16:0_18:0__Pp,TG 16:0_16:0_18:0
TG.16:0_16:0_18:1__Pp,TG 16:0_16:0_18:1
TG.16:0_16:0_18:1_1__Pp,TG 16:0_16:0_18:1_1
TG.16:0_16:1_18:1__Pp,TG 16:0_16:1_18:1
TG.16:0_16:1_18:1_1__Pp,TG 16:0_16:1_18:1_1
TG.16:0_17:0_18:0__Pp,TG 16:0_17:0_18:0
TG.16:0_17:1_18:1__Pp,TG 16:0_17:1_18:1
TG.16:0_18:0_18:1__Pp,TG 16:0_18:0_18:1
TG.16:0_18:1_18:1__Pp,TG 16:0_18:1_18:1
TG.16:0_18:1_18:2__Pp,TG 16:0_18:1_18:2
TG.16:0_18:1_20:4__Pp,TG 16:0_18:1_20:4
TG.16:0_18:2_20:4__Pp,TG 16:0_18:2_20:4
TG.16:0_22:0_22:1__Pp,TG 16:0_22:0_22:1
TG.16:1_16:1_16:1__Pp,TG 16:1_16:1_16:1
TG.16:1_18:1_18:1__Pp,TG 16:1_18:1_18:1
TG.16:1_18:1_18:2__Pp,TG 16:1_18:1_18:2
TG.16:1_18:2_18:2__Pp,TG 16:1_18:2_18:2
TG.16:1_18:2_18:3__Pp,TG 16:1_18:2_18:3
TG.16:1_22:0_22:1__Pp,TG 16:1_22:0_22:1
TG.17:0_18:0_18:1__Pp,TG 17:0_18:0_18:1
TG.17:0_18:1_18:1__Pp,TG 17:0_18:1_18:1
TG.17:0_18:1_20:1__Pp,TG 17:0_18:1_20:1
TG.17:1_18:1_18:1__Pp,TG 17:1_18:1_18:1
TG.17:1_18:1_18:2__Pp,TG 17:1_18:1_18:2
TG.17:1_18:2_18:2__Pp,TG 17:1_18:2_18:2
TG.18:0_18:0_18:1__Pp,TG 18:0_18:0_18:1
TG.18:0_18:1_18:1__Pp,TG 18:0_18:1_18:1
TG.18:0_18:1_20:0__Pp,TG 18:0_18:1_20:0
TG.18:0_18:1_20:1__Pp,TG 18:0_18:1_20:1
TG.18:1_18:1_18:1__Pp,TG 18:1_18:1_18:1
TG.18:1_18:1_18:1_1__Pp,TG 18:1_18:1_18:1_1
TG.18:1_18:1_18:2__Pp,TG 18:1_18:1_18:2
TG.18:1_18:1_18:2_1__Pp,TG 18:1_18:1_18:2_1
TG.18:1_18:1_19:1__Pp,TG 18:1_18:1_19:1
TG.18:1_18:1_20:1__Pp,TG 18:1_18:1_20:1
TG.18:1_18:1_20:2__Pp,TG 18:1_18:1_20:2
TG.18:1_18:1_20:4__Pp,TG 18:1_18:1_20:4
TG.18:1_18:1_22:4__Pp,TG 18:1_18:1_22:4
TG.18:1_18:2_18:2__Pp,TG 18:1_18:2_18:2
TG.18:1_18:2_19:1__Pp,TG 18:1_18:2_19:1
TG.18:1_18:2_20:3__Pp,TG 18:1_18:2_20:3
TG.18:1_18:2_20:4__Pp,TG 18:1_18:2_20:4
TG.18:1_20:1_22:4__Pp,TG 18:1_20:1_22:4
TG.18:2_18:2_18:2__Pp,TG 18:2_18:2_18:2
TG.18:2_18:2_18:3__Pp,TG 18:2_18:2_18:3
TG.20:1_22:1_22:1__Pp,TG 20:1_22:1_22:1
TG.22:0_22:0_22:1__Pp,TG 22:0_22:0_22:1
TG.22:0_22:1_22:1__Pp,TG 22:0_22:1_22:1
TG.22:1_22:1_22:1__Pp,TG 22:1_22:1_22:1
TG.24:0|TG.8:0_8:0_8:0__Pp,TG 24:0|TG 8:0_8:0_8:0
TG.26:0|TG.8:0_8:0_10:0__Pp,TG 26:0|TG 8:0_8:0_10:0
TG.26:0|TG.8:0_8:0_10:0_1__Pp,TG 26:0|TG 8:0_8:0_10:0_1
TG.28:0|TG.8:0_10:0_10:0__Pp,TG 28:0|TG 8:0_10:0_10:0
TG.38:1|TG.8:0_14:0_16:1__Pp,TG 38:1|TG 8:0_14:0_16:1
TG.40:0|TG.12:0_14:0_14:0__Pp,TG 40:0|TG 12:0_14:0_14:0
TG.40:1|TG.8:0_16:0_16:1__Pp,TG 40:1|TG 8:0_16:0_16:1
TG.40:2|TG.8:0_16:1_16:1__Pp,TG 40:2|TG 8:0_16:1_16:1
TG.40:2|TG.8:0_16:1_16:1_1__Pp,TG 40:2|TG 8:0_16:1_16:1_1
TG.41:1|TG.11:0_14:0_16:1__Pp,TG 41:1|TG 11:0_14:0_16:1
TG.41:2|TG.11:0_14:1_16:1__Pp,TG 41:2|TG 11:0_14:1_16:1
TG.42:0|TG.10:0_14:0_18:0__Pp,TG 42:0|TG 10:0_14:0_18:0
TG.42:1__Pp,TG 42:1
TG.42:1|TG.12:0_14:0_16:1__Pp,TG 42:1|TG 12:0_14:0_16:1
TG.42:2__Pp,TG 42:2
TG.42:2|TG.10:0_14:1_18:1__Pp,TG 42:2|TG 10:0_14:1_18:1
TG.42:3|TG.14:1_14:1_14:1__Pp,TG 42:3|TG 14:1_14:1_14:1
TG.43:0|TG.14:0_14:0_15:0__Pp,TG 43:0|TG 14:0_14:0_15:0
TG.43:1__Pp,TG 43:1
TG.43:1|TG.11:0_16:0_16:1__Pp,TG 43:1|TG 11:0_16:0_16:1
TG.43:2__Pp,TG 43:2
TG.43:2|TG.11:0_16:1_16:1__Pp,TG 43:2|TG 11:0_16:1_16:1
TG.43:3|TG.13:1_14:1_16:1__Pp,TG 43:3|TG 13:1_14:1_16:1
TG.44:0|TG.14:0_14:0_16:0__Pp,TG 44:0|TG 14:0_14:0_16:0
TG.44:1|TG.10:0_16:0_18:1__Pp,TG 44:1|TG 10:0_16:0_18:1
TG.44:2__Pp,TG 44:2
TG.44:2|TG.10:0_16:1_18:1__Pp,TG 44:2|TG 10:0_16:1_18:1
TG.44:3|TG.14:1_14:1_16:1__Pp,TG 44:3|TG 14:1_14:1_16:1
TG.44:4__Pp,TG 44:4
TG.45:0|TG.14:0_15:0_16:0__Pp,TG 45:0|TG 14:0_15:0_16:0
TG.45:1|TG.14:0_15:0_16:1__Pp,TG 45:1|TG 14:0_15:0_16:1
TG.45:2|TG.15:0_14:1_16:1__Pp,TG 45:2|TG 15:0_14:1_16:1
TG.45:3__Pp,TG 45:3
TG.45:3|TG.14:1_15:1_16:1__Pp,TG 45:3|TG 14:1_15:1_16:1
TG.46:0|TG.12:0_14:0_20:0__Pp,TG 46:0|TG 12:0_14:0_20:0
TG.46:1|TG.14:0_16:0_16:1__Pp,TG 46:1|TG 14:0_16:0_16:1
TG.46:2__Pp,TG 46:2
TG.46:2;O|TG.14:0_16:1_16:1;O__Pp,TG 46:2;O|TG 14:0_16:1_16:1;O
TG.46:2|TG.14:0_16:1_16:1__Pp,TG 46:2|TG 14:0_16:1_16:1
TG.46:3__Pp,TG 46:3
TG.46:3|TG.14:1_16:1_16:1__Pp,TG 46:3|TG 14:1_16:1_16:1
TG.46:4__Pp,TG 46:4
TG.46:4|TG.10:0_18:2_18:2__Pp,TG 46:4|TG 10:0_18:2_18:2
TG.46:5__Pp,TG 46:5
TG.47:0|TG.14:0_16:0_17:0__Pp,TG 47:0|TG 14:0_16:0_17:0
TG.47:1|TG.15:0_16:0_16:1__Pp,TG 47:1|TG 15:0_16:0_16:1
TG.47:2|TG.15:0_16:1_16:1__Pp,TG 47:2|TG 15:0_16:1_16:1
TG.47:3__Pp,TG 47:3
TG.47:3;O|TG.15:0_16:1_16:2;O__Pp,TG 47:3;O|TG 15:0_16:1_16:2;O
TG.47:3|TG.15:1_16:1_16:1__Pp,TG 47:3|TG 15:1_16:1_16:1
TG.48:0|TG.14:0_16:0_18:0__Pp,TG 48:0|TG 14:0_16:0_18:0
TG.48:1|TG.12:0_18:0_18:1__Pp,TG 48:1|TG 12:0_18:0_18:1
TG.48:1|TG.14:0_16:0_18:1__Pp,TG 48:1|TG 14:0_16:0_18:1
TG.48:2;O|TG.16:0_16:1_16:1;O__Pp,TG 48:2;O|TG 16:0_16:1_16:1;O
TG.48:2;O2|TG.16:0_16:0_16:2;O2__Pp,TG 48:2;O2|TG 16:0_16:0_16:2;O2
TG.48:2|TG.14:0_16:1_18:1__Pp,TG 48:2|TG 14:0_16:1_18:1
TG.48:3;O|TG.16:0_16:1_16:2;O__Pp,TG 48:3;O|TG 16:0_16:1_16:2;O
TG.48:3;O2|TG.16:1_16:1_16:1;O2__Pp,TG 48:3;O2|TG 16:1_16:1_16:1;O2
TG.48:3|TG.16:1_16:1_16:1__Pp,TG 48:3|TG 16:1_16:1_16:1
TG.48:4|TG.12:0_18:1_18:3__Pp,TG 48:4|TG 12:0_18:1_18:3
TG.48:5__Pp,TG 48:5
TG.49:0__Pp,TG 49:0
TG.49:0|TG.15:0_16:0_18:0__Pp,TG 49:0|TG 15:0_16:0_18:0
TG.49:1|TG.15:0_16:0_18:1__Pp,TG 49:1|TG 15:0_16:0_18:1
TG.49:2__Pp,TG 49:2
TG.49:2|TG.15:0_16:0_18:2__Pp,TG 49:2|TG 15:0_16:0_18:2
TG.49:3|TG.15:1_16:1_18:1__Pp,TG 49:3|TG 15:1_16:1_18:1
TG.50:0|TG.16:0_16:0_18:0__Pp,TG 50:0|TG 16:0_16:0_18:0
TG.50:0|TG.16:0_16:0_18:0_1__Pp,TG 50:0|TG 16:0_16:0_18:0_1
TG.50:0|TG.16:0_16:0_18:0_2__Pp,TG 50:0|TG 16:0_16:0_18:0_2
TG.50:1;O|TG.16:0_18:0_16:1;O__Pp,TG 50:1;O|TG 16:0_18:0_16:1;O
TG.50:1|TG.16:0_16:0_18:1__Pp,TG 50:1|TG 16:0_16:0_18:1
TG.50:2;O|TG.14:0_18:1_18:1;O__Pp,TG 50:2;O|TG 14:0_18:1_18:1;O
TG.50:2;O|TG.16:0_16:1_18:1;O__Pp,TG 50:2;O|TG 16:0_16:1_18:1;O
TG.50:2|TG.16:0_16:1_18:1__Pp,TG 50:2|TG 16:0_16:1_18:1
TG.50:2|TG.16:0_16:1_18:1_1__Pp,TG 50:2|TG 16:0_16:1_18:1_1
TG.50:3;O|TG.16:0_18:1_16:2;O__Pp,TG 50:3;O|TG 16:0_18:1_16:2;O
TG.50:3|TG.14:0_18:1_18:2__Pp,TG 50:3|TG 14:0_18:1_18:2
TG.50:4|TG.14:0_18:1_18:3__Pp,TG 50:4|TG 14:0_18:1_18:3
TG.50:5|TG.14:0_18:2_18:3__Pp,TG 50:5|TG 14:0_18:2_18:3
TG.51:0|TG.16:0_17:0_18:0__Pp,TG 51:0|TG 16:0_17:0_18:0
TG.51:1__Pp,TG 51:1
TG.51:1|TG.16:0_17:0_18:1__Pp,TG 51:1|TG 16:0_17:0_18:1
TG.51:2|TG.16:0_17:1_18:1__Pp,TG 51:2|TG 16:0_17:1_18:1
TG.51:3__Pp,TG 51:3
TG.51:3|TG.15:0_18:1_18:2__Pp,TG 51:3|TG 15:0_18:1_18:2
TG.51:3|TG.17:1_17:1_17:1__Pp,TG 51:3|TG 17:1_17:1_17:1
TG.51:4|TG.16:1_17:1_18:2__Pp,TG 51:4|TG 16:1_17:1_18:2
TG.51:5__Pp,TG 51:5
TG.51:5|TG.15:1_18:2_18:2__Pp,TG 51:5|TG 15:1_18:2_18:2
TG.52:0__Pp,TG 52:0
TG.52:0|TG.16:0_18:0_18:0__Pp,TG 52:0|TG 16:0_18:0_18:0
TG.52:1;O|TG.16:0_18:0_18:1;O__Pp,TG 52:1;O|TG 16:0_18:0_18:1;O
TG.52:1|TG.16:0_18:0_18:1__Pp,TG 52:1|TG 16:0_18:0_18:1
TG.52:2;O|TG.16:0_18:1_18:1;O__Pp,TG 52:2;O|TG 16:0_18:1_18:1;O
TG.52:2;O|TG.16:0_18:1_18:1;O_1__Pp,TG 52:2;O|TG 16:0_18:1_18:1;O_1
TG.52:2|TG.16:0_18:1_18:1__Pp,TG 52:2|TG 16:0_18:1_18:1
TG.52:2|TG.16:0_18:1_18:1_1__Pp,TG 52:2|TG 16:0_18:1_18:1_1
TG.52:3;O|TG.16:0_18:1_18:2;O__Pp,TG 52:3;O|TG 16:0_18:1_18:2;O
TG.52:3;O|TG.16:0_18:1_18:2;O_1__Pp,TG 52:3;O|TG 16:0_18:1_18:2;O_1
TG.52:3;O|TG.18:1_18:1_16:1;O__Pp,TG 52:3;O|TG 18:1_18:1_16:1;O
TG.52:3|TG.16:0_18:1_18:2__Pp,TG 52:3|TG 16:0_18:1_18:2
TG.52:3|TG.16:1_18:1_18:1__Pp,TG 52:3|TG 16:1_18:1_18:1
TG.52:4;O|TG.16:0_18:2_18:2;O__Pp,TG 52:4;O|TG 16:0_18:2_18:2;O
TG.52:4;O|TG.18:1_18:2_16:1;O__Pp,TG 52:4;O|TG 18:1_18:2_16:1;O
TG.52:4|TG.16:0_18:2_18:2__Pp,TG 52:4|TG 16:0_18:2_18:2
TG.52:4|TG.16:0_18:2_18:2_1__Pp,TG 52:4|TG 16:0_18:2_18:2_1
TG.52:5;O|TG.18:1_18:2_16:2;O__Pp,TG 52:5;O|TG 18:1_18:2_16:2;O
TG.52:5|TG.16:1_18:2_18:2__Pp,TG 52:5|TG 16:1_18:2_18:2
TG.52:6|TG.16:1_18:2_18:3__Pp,TG 52:6|TG 16:1_18:2_18:3
TG.53:0__Pp,TG 53:0
TG.53:0|TG.14:0_16:0_23:0__Pp,TG 53:0|TG 14:0_16:0_23:0
TG.53:1|TG.17:0_18:0_18:1__Pp,TG 53:1|TG 17:0_18:0_18:1
TG.53:2|TG.17:0_18:1_18:1__Pp,TG 53:2|TG 17:0_18:1_18:1
TG.53:3|TG.17:1_18:1_18:1__Pp,TG 53:3|TG 17:1_18:1_18:1
TG.53:4|TG.17:1_18:1_18:2__Pp,TG 53:4|TG 17:1_18:1_18:2
TG.53:5|TG.17:1_18:2_18:2__Pp,TG 53:5|TG 17:1_18:2_18:2
TG.53:6|TG.17:1_18:2_18:3__Pp,TG 53:6|TG 17:1_18:2_18:3
TG.53:8__Pp,TG 53:8
TG.54:0|TG.16:0_18:0_20:0__Pp,TG 54:0|TG 16:0_18:0_20:0
TG.54:1|TG.18:0_18:0_18:1__Pp,TG 54:1|TG 18:0_18:0_18:1
TG.54:2;O|TG.18:0_18:1_18:1;O__Pp,TG 54:2;O|TG 18:0_18:1_18:1;O
TG.54:2;O|TG.18:0_18:1_18:1;O_1__Pp,TG 54:2;O|TG 18:0_18:1_18:1;O_1
TG.54:2|TG.18:0_18:1_18:1__Pp,TG 54:2|TG 18:0_18:1_18:1
TG.54:2|TG.18:0_18:1_18:1_1__Pp,TG 54:2|TG 18:0_18:1_18:1_1
TG.54:3;O|TG.18:1_18:1_18:1;O__Pp,TG 54:3;O|TG 18:1_18:1_18:1;O
TG.54:3|TG.18:1_18:1_18:1__Pp,TG 54:3|TG 18:1_18:1_18:1
TG.54:3|TG.18:1_18:1_18:1_1__Pp,TG 54:3|TG 18:1_18:1_18:1_1
TG.54:4;O|TG.18:1_18:1_18:2;O__Pp,TG 54:4;O|TG 18:1_18:1_18:2;O
TG.54:4;O2|TG.18:1_18:1_18:2;O2__Pp,TG 54:4;O2|TG 18:1_18:1_18:2;O2
TG.54:4|TG.18:1_18:1_18:2__Pp,TG 54:4|TG 18:1_18:1_18:2
TG.54:5;O|TG.18:1_18:2_18:2;O__Pp,TG 54:5;O|TG 18:1_18:2_18:2;O
TG.54:5;O2|TG.18:1_18:1_18:3;O2__Pp,TG 54:5;O2|TG 18:1_18:1_18:3;O2
TG.54:5|TG.16:0_18:1_20:4__Pp,TG 54:5|TG 16:0_18:1_20:4
TG.54:5|TG.18:1_18:2_18:2__Pp,TG 54:5|TG 18:1_18:2_18:2
TG.54:5|TG.18:1_18:2_18:2_1__Pp,TG 54:5|TG 18:1_18:2_18:2_1
TG.54:6;O|TG.18:2_18:2_18:2;O__Pp,TG 54:6;O|TG 18:2_18:2_18:2;O
TG.54:6|TG.16:0_18:2_20:4__Pp,TG 54:6|TG 16:0_18:2_20:4
TG.54:6|TG.18:1_18:2_18:3__Pp,TG 54:6|TG 18:1_18:2_18:3
TG.54:7|TG.18:2_18:2_18:3__Pp,TG 54:7|TG 18:2_18:2_18:3
TG.55:1|TG.18:0_19:0_18:1__Pp,TG 55:1|TG 18:0_19:0_18:1
TG.55:2|TG.18:0_18:1_19:1__Pp,TG 55:2|TG 18:0_18:1_19:1
TG.55:3|TG.18:1_18:1_19:1__Pp,TG 55:3|TG 18:1_18:1_19:1
TG.55:4|TG.18:1_19:1_18:2__Pp,TG 55:4|TG 18:1_19:1_18:2
TG.55:5|TG.18:1_18:2_19:2__Pp,TG 55:5|TG 18:1_18:2_19:2
TG.55:6__Pp,TG 55:6
TG.55:6|TG.18:2_18:2_19:2__Pp,TG 55:6|TG 18:2_18:2_19:2
TG.56:1|TG.18:0_20:0_18:1__Pp,TG 56:1|TG 18:0_20:0_18:1
TG.56:2|TG.18:0_18:1_20:1__Pp,TG 56:2|TG 18:0_18:1_20:1
TG.56:3|TG.18:1_18:1_20:1__Pp,TG 56:3|TG 18:1_18:1_20:1
TG.56:4|TG.18:1_20:1_18:2__Pp,TG 56:4|TG 18:1_20:1_18:2
TG.56:5__Pp,TG 56:5
TG.56:5|TG.18:1_18:2_20:2__Pp,TG 56:5|TG 18:1_18:2_20:2
TG.56:6|TG.18:1_18:1_20:4__Pp,TG 56:6|TG 18:1_18:1_20:4
TG.56:6|TG.18:1_18:2_20:3__Pp,TG 56:6|TG 18:1_18:2_20:3
TG.56:7__Pp,TG 56:7
TG.56:7|TG.18:1_18:2_20:4__Pp,TG 56:7|TG 18:1_18:2_20:4
TG.56:7|TG.18:2_18:2_20:3__Pp,TG 56:7|TG 18:2_18:2_20:3
TG.56:8__Pp,TG 56:8
TG.56:8|TG.18:2_18:2_20:4__Pp,TG 56:8|TG 18:2_18:2_20:4
TG.56:8|TG.18:2_18:2_20:4_1__Pp,TG 56:8|TG 18:2_18:2_20:4_1
TG.57:1|TG.16:0_23:0_18:1__Pp,TG 57:1|TG 16:0_23:0_18:1
TG.57:2|TG.15:0_20:1_22:1__Pp,TG 57:2|TG 15:0_20:1_22:1
TG.57:3;O2|TG.16:0_16:1_9:0;O(FA.16:1)__Pp,TG 57:3;O2|TG 16:0_16:1_9:0;O(FA 16:1)
TG.57:3|TG.18:1_19:1_20:1__Pp,TG 57:3|TG 18:1_19:1_20:1
TG.57:4|TG.18:1_21:1_18:2__Pp,TG 57:4|TG 18:1_21:1_18:2
TG.57:5|TG.18:1_19:1_20:3__Pp,TG 57:5|TG 18:1_19:1_20:3
TG.58:1__Pp,TG 58:1
TG.58:1|TG.16:0_24:0_18:1__Pp,TG 58:1|TG 16:0_24:0_18:1
TG.58:2__Pp,TG 58:2
TG.58:2|TG.18:0_18:1_22:1__Pp,TG 58:2|TG 18:0_18:1_22:1
TG.58:3__Pp,TG 58:3
TG.58:3|TG.18:1_20:1_20:1__Pp,TG 58:3|TG 18:1_20:1_20:1
TG.58:4|TG.18:1_20:1_20:2__Pp,TG 58:4|TG 18:1_20:1_20:2
TG.58:5|TG.18:0_18:1_22:4__Pp,TG 58:5|TG 18:0_18:1_22:4
TG.58:6|TG.18:1_18:1_22:4__Pp,TG 58:6|TG 18:1_18:1_22:4
TG.58:7__Pp,TG 58:7
TG.58:7|TG.18:1_18:2_22:4__Pp,TG 58:7|TG 18:1_18:2_22:4
TG.58:8__Pp,TG 58:8
TG.58:8|TG.18:1_18:2_22:5__Pp,TG 58:8|TG 18:1_18:2_22:5
TG.59:1|TG.15:0_22:0_22:1__Pp,TG 59:1|TG 15:0_22:0_22:1
TG.59:2|TG.15:0_22:1_22:1__Pp,TG 59:2|TG 15:0_22:1_22:1
TG.59:4;O2|TG.14:1_15:1_14:0;O(FA.16:1)__Pp,TG 59:4;O2|TG 14:1_15:1_14:0;O(FA 16:1)
TG.60:2|TG.22:0_16:1_22:1__Pp,TG 60:2|TG 22:0_16:1_22:1
TG.60:3__Pp,TG 60:3
TG.60:3;O2|TG.18:1_18:1_8:0;O(FA.16:0)__Pp,TG 60:3;O2|TG 18:1_18:1_8:0;O(FA 16:0)
TG.60:3|TG.16:1_22:1_22:1__Pp,TG 60:3|TG 16:1_22:1_22:1
TG.60:6|TG.18:1_20:1_22:4__Pp,TG 60:6|TG 18:1_20:1_22:4
TG.60:7|TG.18:1_20:2_22:4__Pp,TG 60:7|TG 18:1_20:2_22:4
TG.61:2|TG.15:0_22:1_24:1__Pp,TG 61:2|TG 15:0_22:1_24:1
TG.61:3|TG.16:1_22:1_23:1__Pp,TG 61:3|TG 16:1_22:1_23:1
TG.62:3__Pp,TG 62:3
TG.62:3|TG.16:1_22:1_24:1__Pp,TG 62:3|TG 16:1_22:1_24:1
TG.62:6|TG.18:1_20:1_24:4__Pp,TG 62:6|TG 18:1_20:1_24:4
TG.63:2|TG.23:0_16:1_24:1__Pp,TG 63:2|TG 23:0_16:1_24:1
TG.63:3|TG.16:1_23:1_24:1__Pp,TG 63:3|TG 16:1_23:1_24:1
TG.64:1|TG.22:0_24:0_18:1__Pp,TG 64:1|TG 22:0_24:0_18:1
TG.64:2__Pp,TG 64:2
TG.64:4;O2|TG.14:1_16:1_18:0;O(FA.16:1)__Pp,TG 64:4;O2|TG 14:1_16:1_18:0;O(FA 16:1)
TG.65:2|TG.21:0_22:1_22:1__Pp,TG 65:2|TG 21:0_22:1_22:1
TG.65:3|TG.20:1_22:1_23:1__Pp,TG 65:3|TG 20:1_22:1_23:1
TG.66:1|TG.24:0_24:0_18:1__Pp,TG 66:1|TG 24:0_24:0_18:1
TG.66:3|TG.22:1_22:1_22:1__Pp,TG 66:3|TG 22:1_22:1_22:1
TG.68:3;O2|TG.16:0_18:1_18:1;O(FA.16:0)__Pp,TG 68:3;O2|TG 16:0_18:1_18:1;O(FA 16:0)
TG.68:5;O2|TG.18:1_18:2_18:0;O(FA.14:1)__Pp,TG 68:5;O2|TG 18:1_18:2_18:0;O(FA 14:1)
TG.69:3;O2|TG.17:0_17:0_18:2;O(FA.17:0)__Pp,TG 69:3;O2|TG 17:0_17:0_18:2;O(FA 17:0)
TG.70:6;O2|TG.18:1_18:2_18:1;O(FA.16:1)__Pp,TG 70:6;O2|TG 18:1_18:2_18:1;O(FA 16:1)
TG.O-51:9|TG.O-15:1_18:4_18:4__Pp,TG O-51:9|TG O-15:1_18:4_18:4