CompoundName,Formula,Mass,RT,LipidClass,LipidABV
25-hydroxycholecalciferol,C27 H44 O2,400.334,4.51,Vitamin D3,
ASG 28:2;O;Hex;FA 21:3,C55 H90 O7,862.6821,12.43,,ASG
C17-carnitine(d3),C24 H44 D3 N O4,416.3695,2.97,,C17-carnitine(d3)
CE 14:1,C41 H70 O2,594.5373,13.01,,CE
CE 16:1,C43 H74 O2,622.5689,13.69,,CE
CE 22:1,C49 H86 O2,706.6627,14.61,,CE
CE 24:1,C51 H90 O2,734.6941,14.7,,CE
CE_d7 17:1,C44 H69 O2,629.5294,13.69,,CE_d7
Cer 23:1;O2|Cer 12:1;O2/11:0,C23 H45 N O3,383.34,13.7,,Cer
Cer 31:0;O3|Cer 17:0;O2/14:0;O,C31 H63 N O4,513.476,6.76,,Cer
Cer 31:1;O3|Cer 17:1;O2/14:0;O,C31 H61 N O4,511.4604,6.39,,Cer
Cer 32:0;O3|Cer 18:0;O2/14:0;O,C32 H65 N O4,527.4914,7.27,,Cer
Cer 32:1;O3|Cer 16:1;O2/16:0;O,C32 H63 N O4,525.4757,6.88,,Cer
Cer 32:2;O2|Cer 16:1;O2/16:1,C32 H61 N O3,507.465,6.92,,Cer
Cer 32:2;O2|Cer 16:1;O2/16:1,C32 H61 N O3,507.4651,6.95,,Cer
Cer 33:0;O3|Cer 17:0;O2/16:0;O,C33 H67 N O4,541.5072,7.77,,Cer
Cer 33:1;O2|Cer 17:1;O2/16:0,C33 H65 N O3,523.4973,7.72,,Cer
Cer 33:1;O3|Cer 17:1;O2/16:0;O,C33 H65 N O4,539.4913,7.37,,Cer
Cer 33:2;O2|Cer 17:1;O2/16:1,C33 H63 N O3,521.4806,7.37,,Cer
Cer 34:0;O2|Cer 18:0;O2/16:0,C34 H69 N O3,539.5282,8.56,,Cer
Cer 34:0;O3|Cer 18:0;O2/16:0;O,C34 H69 N O4,555.5224,8.26,,Cer
Cer 34:1;O2|Cer 18:1;O2/16:0,C34 H67 N O3,537.5119,8.24,,Cer
Cer 34:1;O3|Cer 18:1;O2/16:0;O,C34 H67 N O4,553.5069,7.86,,Cer
Cer 34:1;O3|Cer 18:1;O2/16:0;O,C34 H67 N O4,553.507,7.86,,Cer
Cer 35:1;O2|Cer 16:1;O2/19:0,C35 H69 N O3,551.5271,8.75,,Cer
Cer 36:0;O3|Cer 16:0;O2/20:0;O,C36 H73 N O4,583.5542,8.66,,Cer
Cer 36:1;O2|Cer 16:1;O2/20:0,C36 H71 N O3,565.5433,9.19,,Cer
Cer 37:1;O2|Cer 17:1;O2/20:0,C37 H73 N O3,579.5592,9.65,,Cer
Cer 38:0;O2|Cer 18:0;O2/20:0,C38 H77 N O3,595.5905,10.38,,Cer
Cer 38:0;O3|Cer 20:0;O2/18:0;O,C38 H77 N O4,611.5856,9.55,,Cer
Cer 38:1;O2|Cer 16:1;O2/22:0,C38 H75 N O3,593.5744,10.08,,Cer
Cer 39:1;O2|Cer 12:0;O2/27:1,C39 H77 N O3,607.5908,9.2,,Cer
Cer 39:1;O2|Cer 17:1;O2/22:0,C39 H77 N O3,607.5906,10.49,,Cer
Cer 40:0;O2|Cer 16:0;O2/24:0,C40 H81 N O3,623.6215,11.19,,Cer
Cer 40:0;O4|Cer 16:0;O3/24:0(2OH),C40 H81 N O5,655.6111,10.16,,Cer
Cer 40:1;O2|Cer 18:1;O2/22:0,C40 H79 N O3,621.6058,10.91,,Cer
Cer 40:1;O2|Cer 25:0;O2/15:1,C40 H79 N O3,621.6068,11.57,,Cer
Cer 40:1;O3|Cer 16:1;O2/24:0;O,C40 H79 N O4,637.601,9.61,,Cer
Cer 41:0;O2|Cer 17:0;O2/24:0,C41 H83 N O3,637.6372,11.56,,Cer
Cer 41:1;O2|Cer 17:1;O2/24:0,C41 H81 N O3,635.6219,11.29,,Cer
Cer 41:1;O3|Cer 17:1;O2/24:0;O,C41 H81 N O4,651.6174,10.02,,Cer
Cer 41:2;O2|Cer 20:2;O2/21:0,C41 H79 N O3,633.6093,11.66,,Cer
Cer 42:1;O2|Cer 16:1;O2/26:0,C42 H83 N O3,649.637,11.67,,Cer
Cer 42:1;O3|Cer 16:1;O2/26:0;O,C42 H83 N O4,665.6322,10.46,,Cer
Cer 42:2;O2|Cer 16:1;O2/26:1,C42 H81 N O3,647.6216,10.82,,Cer
Cer 43:1;O2|Cer 17:1;O2/26:0,C43 H85 N O3,663.6532,12.03,,Cer
Cer 44:1;O2|Cer 16:1;O2/28:0,C44 H87 N O3,677.6685,12.36,,Cer
Cer 44:1;O3|Cer 18:1;O2/26:0;O,C44 H87 N O4,693.6636,11.23,,Cer
Cer 45:0;O3|Cer 17:0;O2/28:0;O,C45 H91 N O4,709.6951,12.31,,Cer
Cer 45:0;O4|Cer 22:0;O3/23:0(2OH),C45 H91 N O5,725.6898,12.1,,Cer
Cer 45:1;O2|Cer 17:1;O2/28:0,C45 H89 N O3,691.6841,12.68,,Cer
Cer 46:0;O3|Cer 24:0;O2/22:0;O,C46 H93 N O4,723.7111,12.64,,Cer
Cer 46:0;O4|Cer 22:0;O3/24:0(2OH),C46 H93 N O5,739.7059,12.43,,Cer
Cer 46:1;O2|Cer 22:1;O2/24:0,C46 H91 N O3,705.6998,13,,Cer
Cer 46:1;O3|Cer 20:1;O2/26:0;O,C46 H91 N O4,721.6948,11.96,,Cer
Cer 47:1;O2|Cer 17:1;O2/30:0,C47 H93 N O3,719.7154,13.28,,Cer
Cer 48:0;O2|Cer 22:0;O2/26:0,C48 H97 N O3,735.7467,13.74,,Cer
Cer 48:0;O3|Cer 22:0;O2/26:0;O,C48 H97 N O4,751.7419,13.23,,Cer
Cer 48:1;O2|Cer 20:1;O2/28:0,C48 H95 N O3,733.7313,13.57,,Cer
Cer 48:1;O3|Cer 22:1;O2/26:0;O,C48 H95 N O4,749.726,12.61,,Cer
Cer 49:0;O3|Cer 25:0;O2/24:0;O,C49 H99 N O4,765.7575,13.51,,Cer
Cer 49:1;O2|Cer 22:1;O2/27:0,C49 H97 N O3,747.7465,13.83,,Cer
Cer 50:1;O2|Cer 22:1;O2/28:0,C50 H99 N O3,761.7623,14.09,,Cer
Cer 50:1;O3|Cer 22:1;O2/28:0;O,C50 H99 N O4,777.7571,13.19,,Cer
Cer 50:2;O2|Cer 22:1;O2/28:1,C50 H97 N O3,759.7458,13.47,,Cer
Cer 51:1;O2|Cer 21:1;O2/30:0,C51 H101 N O3,775.7781,14.24,,Cer
Cer 51:1;O3|Cer 22:1;O2/29:0;O,C51 H101 N O4,791.7716,13.45,,Cer
Cer 51:2;O2|Cer 21:1;O2/30:1,C51 H99 N O3,773.7623,13.74,,Cer
Cer 51:8;O2|Cer 29:2;O2/22:6,C51 H87 N O3,761.6712,10.7,,Cer
Cer 52:1;O2|Cer 22:1;O2/30:0,C52 H103 N O3,789.7939,14.35,,Cer
Cer 52:1;O3|Cer 22:1;O2/30:0;O,C52 H103 N O4,805.7839,13.84,,Cer
Cer 52:1;O3|Cer 22:1;O2/30:0;O,C52 H103 N O4,805.7865,13.85,,Cer
Cer 52:2;O2|Cer 22:1;O2/30:1,C52 H101 N O3,787.7778,14,,Cer
Cer 53:2;O2|Cer 21:1;O2/32:1,C53 H103 N O3,801.7954,14.19,,Cer
Cer 54:1;O3|Cer 20:1;O2/34:0;O,C54 H107 N O4,833.8191,14.27,,Cer
Cer 56:2;O3|Cer 22:1;O2/34:1;O,C56 H109 N O4,859.8344,14.26,,Cer
Cer 67:4;O4|Cer 20:2;O2/47:2;O2,C67 H127 N O5,1025.9708,14.4,,Cer
Cer 70:5;O4|Cer 20:2;O2/50:3;O2,C70 H131 N O5,1066.0024,14.46,,Cer
Cer 71:4;O4|Cer 22:2;O2/49:2;O2,C71 H135 N O5,1082.0332,14.59,,Cer
Cer 72:4;O4|Cer 22:2;O2/50:2;O2,C72 H137 N O5,1096.049,14.61,,Cer
Cer 72:5;O4|Cer 20:2;O2/52:3;O2,C72 H135 N O5,1094.0337,14.54,,Cer
Cer 72:6;O4|Cer 22:2;O2/50:4;O2,C72 H133 N O5,1092.0179,14.48,,Cer
Cer 73:5;O4|Cer 21:2;O2/52:3;O2,C73 H137 N O5,1108.0497,14.58,,Cer
Cer_ADS d16:0_13:0,C29 H59 N O4,485.4444,5.87,,Cer_ADS
Cer_ADS d16:0_14:0,C30 H61 N O4,499.46,6.34,,Cer_ADS
Cer_ADS d16:0_14:0,C30 H61 N O4,499.46,6.33,,Cer_ADS
Cer_ADS d16:0_16:0,C32 H65 N O4,527.4915,7.34,,Cer_ADS
Cer_ADS d16:0_16:0,C32 H65 N O4,527.4915,7.33,,Cer_ADS
Cer_ADS d16:0_24:0,C40 H81 N O4,639.6159,10.04,,Cer_ADS
Cer_ADS d16:0_24:0,C40 H81 N O4,639.6167,10.99,,Cer_ADS
Cer_ADS d17:0_14:0,C31 H63 N O4,513.4759,6.83,,Cer_ADS
Cer_ADS d17:0_16:0,C33 H67 N O4,541.5074,7.87,,Cer_ADS
Cer_ADS d17:0_16:0,C33 H67 N O4,541.5072,7.85,,Cer_ADS
Cer_ADS d18:0_16:0,C34 H69 N O4,555.5229,8.33,,Cer_ADS
Cer_ADS d18:0_16:0,C34 H69 N O4,555.5229,8.32,,Cer_ADS
Cer_ADS d18:0_25:0,C43 H87 N O4,681.6631,11.24,,Cer_ADS
Cer_ADS d19:0_16:0,C35 H71 N O4,569.5382,8.83,,Cer_ADS
Cer_ADS d19:0_16:0,C35 H71 N O4,569.5382,8.62,,Cer_ADS
Cer_ADS d19:0_26:0,C45 H91 N O4,709.6948,12.76,,Cer_ADS
Cer_ADS d19:0_29:0,C48 H97 N O4,751.7409,12.93,,Cer_ADS
Cer_ADS d20:0_22:0,C42 H85 N O4,667.6475,10.86,,Cer_ADS
Cer_ADS d20:0_24:0,C44 H89 N O4,695.6786,11.63,,Cer_ADS
Cer_ADS d21:0_18:0,C39 H79 N O4,625.6006,9.59,,Cer_ADS
Cer_ADS d22:0_14:0,C36 H73 N O4,583.5537,8.17,,Cer_ADS
Cer_ADS d22:0_14:0,C36 H73 N O4,583.5538,7.65,,Cer_ADS
Cer_ADS d22:0_16:0,C38 H77 N O4,611.5854,10.16,,Cer_ADS
Cer_ADS d23:0_13:0,C36 H73 N O4,583.5539,8.77,,Cer_ADS
Cer_ADS d26:0_13:0,C39 H79 N O4,625.6005,9.61,,Cer_ADS
Cer_ADS d26:0_15:1,C41 H81 N O4,651.616,9.75,,Cer_ADS
Cer_ADS d30:0,C30 H61 N O4,499.46,6.34,,Cer_ADS
Cer_ADS d30:0_21:0,C51 H103 N O4,793.7884,14.09,,Cer_ADS
Cer_ADS d30:0_22:1,C52 H103 N O4,805.7883,13.77,,Cer_ADS
Cer_ADS d31:0,C31 H63 N O4,513.4759,6.84,,Cer_ADS
Cer_ADS d31:0,C31 H63 N O4,513.4759,6.84,,Cer_ADS
Cer_ADS d32:0,C32 H65 N O4,527.4915,7.34,,Cer_ADS
Cer_ADS d32:0,C32 H65 N O4,527.4911,6.8,,Cer_ADS
Cer_ADS d32:1,C32 H63 N O4,525.4762,6.88,,Cer_ADS
Cer_ADS d33:0,C33 H67 N O4,541.5074,7.87,,Cer_ADS
Cer_ADS d33:1,C33 H65 N O4,539.4918,7.42,,Cer_ADS
Cer_ADS d34:1,C34 H67 N O4,553.5074,7.92,,Cer_ADS
Cer_ADS d36:0,C36 H73 N O4,583.5542,9.26,,Cer_ADS
Cer_ADS d36:0,C36 H73 N O4,583.5543,9.25,,Cer_ADS
Cer_ADS d37:0,C37 H75 N O4,597.5696,9.22,,Cer_ADS
Cer_ADS d37:0,C37 H75 N O4,597.5697,9.75,,Cer_ADS
Cer_ADS d37:0,C37 H75 N O4,597.5692,8.68,,Cer_ADS
Cer_ADS d37:0,C37 H75 N O4,597.5697,9.72,,Cer_ADS
Cer_ADS d38:0,C38 H77 N O4,611.5853,9.7,,Cer_ADS
Cer_ADS d38:0,C38 H77 N O4,611.5849,9.13,,Cer_ADS
Cer_ADS d38:0,C38 H77 N O4,611.5854,10.14,,Cer_ADS
Cer_ADS d38:0,C38 H77 N O4,611.5849,9.12,,Cer_ADS
Cer_ADS d38:1,C38 H75 N O4,609.5695,9.8,,Cer_ADS
Cer_ADS d39:0,C39 H79 N O4,625.6009,10.11,,Cer_ADS
Cer_ADS d39:0,C39 H79 N O4,625.601,10.59,,Cer_ADS
Cer_ADS d39:0,C39 H79 N O4,625.6009,10.09,,Cer_ADS
Cer_ADS d40:0,C40 H81 N O4,639.6166,10.55,,Cer_ADS
Cer_ADS d40:0,C40 H81 N O4,639.6166,10.53,,Cer_ADS
Cer_ADS d40:0,C40 H81 N O4,639.6168,10.98,,Cer_ADS
Cer_ADS d40:1,C40 H79 N O4,637.6008,9.7,,Cer_ADS
Cer_ADS d40:1,C40 H79 N O4,637.6007,10.63,,Cer_ADS
Cer_ADS d41:0,C41 H83 N O4,653.6321,10.94,,Cer_ADS
Cer_ADS d41:0,C41 H83 N O4,653.6317,10.49,,Cer_ADS
Cer_ADS d41:0,C41 H83 N O4,653.6323,11.38,,Cer_ADS
Cer_ADS d41:0,C41 H83 N O4,653.6321,10.92,,Cer_ADS
Cer_ADS d41:0,C41 H83 N O4,653.6318,10.46,,Cer_ADS
Cer_ADS d41:1,C41 H81 N O4,651.6162,11.06,,Cer_ADS
Cer_ADS d41:1,C41 H81 N O4,651.6163,11.04,,Cer_ADS
Cer_ADS d42:0,C42 H85 N O4,667.6479,11.35,,Cer_ADS
Cer_ADS d42:0,C42 H85 N O4,667.6478,11.33,,Cer_ADS
Cer_ADS d42:0,C42 H85 N O4,667.6475,10.85,,Cer_ADS
Cer_ADS d42:0,C42 H85 N O4,667.6481,11.74,,Cer_ADS
Cer_ADS d42:1,C42 H83 N O4,665.6321,10.55,,Cer_ADS
Cer_ADS d42:1,C42 H83 N O4,665.6322,10.53,,Cer_ADS
Cer_ADS d42:1,C42 H83 N O4,665.6319,10.08,,Cer_ADS
Cer_ADS d43:0,C43 H87 N O4,681.6631,11.28,,Cer_ADS
Cer_ADS d44:0,C44 H89 N O4,695.6791,12.07,,Cer_ADS
Cer_ADS d44:0,C44 H89 N O4,695.6794,12.45,,Cer_ADS
Cer_ADS d44:0,C44 H89 N O4,695.6791,12.06,,Cer_ADS
Cer_ADS d44:1,C44 H87 N O4,693.6635,11.31,,Cer_ADS
Cer_ADS d45:0,C45 H91 N O4,709.6947,12.4,,Cer_ADS
Cer_ADS d45:0,C45 H91 N O4,709.6943,11.97,,Cer_ADS
Cer_ADS d45:1,C45 H89 N O4,707.6791,11.67,,Cer_ADS
Cer_ADS d45:1,C45 H89 N O4,707.6792,11.66,,Cer_ADS
Cer_ADS d46:0,C46 H93 N O4,723.7106,12.73,,Cer_ADS
Cer_ADS d46:0,C46 H93 N O4,723.7105,12.72,,Cer_ADS
Cer_ADS d46:0,C46 H93 N O4,723.7098,12.3,,Cer_ADS
Cer_ADS d46:1,C46 H91 N O4,721.6947,12.03,,Cer_ADS
Cer_ADS d46:1,C46 H91 N O4,721.6942,11.65,,Cer_ADS
Cer_ADS d47:0,C47 H95 N O4,737.726,13.02,,Cer_ADS
Cer_ADS d47:0,C47 H95 N O4,737.7265,13.36,,Cer_ADS
Cer_ADS d47:0,C47 H95 N O4,737.726,13.01,,Cer_ADS
Cer_ADS d47:0,C47 H95 N O4,737.7256,12.63,,Cer_ADS
Cer_ADS d47:1,C47 H93 N O4,735.7102,10.31,,Cer_ADS
Cer_ADS d48:0,C48 H97 N O4,751.7417,13.33,,Cer_ADS
Cer_ADS d48:1,C48 H95 N O4,749.726,12.67,,Cer_ADS
Cer_ADS d48:2,C48 H93 N O4,747.7102,9.99,,Cer_ADS
Cer_ADS d49:0,C49 H99 N O4,765.7572,13.59,,Cer_ADS
Cer_ADS d49:0,C49 H99 N O4,765.7572,13.57,,Cer_ADS
Cer_ADS d49:1,C49 H97 N O4,763.7415,12.97,,Cer_ADS
Cer_ADS d50:0,C50 H101 N O4,779.7729,13.79,,Cer_ADS
Cer_ADS d50:1,C50 H99 N O4,777.7571,13.25,,Cer_ADS
Cer_ADS d50:1,C50 H99 N O4,777.757,12.95,,Cer_ADS
Cer_ADS d50:2,C50 H97 N O4,775.7414,10.74,,Cer_ADS
Cer_ADS d51:0,C51 H103 N O4,793.7884,14.1,,Cer_ADS
Cer_ADS d52:1,C52 H103 N O4,805.7883,13.77,,Cer_ADS
Cer_ADS d54:2,C54 H105 N O4,831.8041,13.73,,Cer_ADS
Cer_AP t15:1_18:1,C33 H63 N O5,553.469,6.88,,Cer_AP
Cer_AP t16:0_13:0,C29 H59 N O5,501.4394,5.09,,Cer_AP
Cer_AP t16:0_14:0,C30 H61 N O5,515.4549,5.53,,Cer_AP
Cer_AP t16:0_20:0,C36 H73 N O5,599.5487,8.47,,Cer_AP
Cer_AP t16:0_20:0,C36 H73 N O5,599.5487,8.38,,Cer_AP
Cer_AP t16:0_24:0,C40 H81 N O5,655.6113,10.26,,Cer_AP
Cer_AP t16:0_26:2,C42 H81 N O5,679.6109,9.77,,Cer_AP
Cer_AP t17:0_14:0,C31 H63 N O5,529.4706,6.02,,Cer_AP
Cer_AP t17:0_14:0,C31 H63 N O5,529.4706,6,,Cer_AP
Cer_AP t17:0_15:0,C32 H65 N O5,543.4862,6.49,,Cer_AP
Cer_AP t17:0_16:0,C33 H67 N O5,557.5021,6.99,,Cer_AP
Cer_AP t17:0_20:0,C37 H75 N O5,613.5644,8.9,,Cer_AP
Cer_AP t17:0_20:0,C37 H75 N O5,613.5645,8.88,,Cer_AP
Cer_AP t17:0_22:2,C39 H75 N O5,637.5643,8.09,,Cer_AP
Cer_AP t17:0_24:0,C41 H83 N O5,669.6271,10.65,,Cer_AP
Cer_AP t17:0_24:0,C41 H83 N O5,669.6271,10.65,,Cer_AP
Cer_AP t17:0_24:0,C41 H83 N O5,669.6271,10.64,,Cer_AP
Cer_AP t17:0_24:1,C41 H81 N O5,667.6115,9.78,,Cer_AP
Cer_AP t17:0_24:1,C41 H81 N O5,667.6113,9.76,,Cer_AP
Cer_AP t17:0_24:2,C41 H79 N O5,665.5955,8.92,,Cer_AP
Cer_AP t17:0_26:1,C43 H85 N O5,695.6425,10.6,,Cer_AP
Cer_AP t17:0_26:1,C43 H85 N O5,695.6424,10.58,,Cer_AP
Cer_AP t17:0_26:2,C43 H83 N O5,693.6268,8.11,,Cer_AP
Cer_AP t17:1_16:0,C33 H65 N O5,555.4861,5.99,,Cer_AP
Cer_AP t17:1_16:0,C33 H65 N O5,555.486,5.96,,Cer_AP
Cer_AP t18:0_14:0,C32 H65 N O5,543.4863,6.48,,Cer_AP
Cer_AP t18:0_15:0,C33 H67 N O5,557.502,6.97,,Cer_AP
Cer_AP t18:0_16:0,C34 H69 N O5,571.5175,7.47,,Cer_AP
Cer_AP t18:0_16:0,C34 H69 N O5,571.5176,7.44,,Cer_AP
Cer_AP t18:0_24:0,C42 H85 N O5,683.6426,11.1,,Cer_AP
Cer_AP t18:0_24:1,C42 H83 N O5,681.6267,10.15,,Cer_AP
Cer_AP t18:0_28:2,C46 H89 N O5,735.6729,11.39,,Cer_AP
Cer_AP t18:0_29:1,C47 H93 N O5,751.7053,12.1,,Cer_AP
Cer_AP t18:0_32:1,C50 H99 N O5,793.7521,10.32,,Cer_AP
Cer_AP t18:1_15:0,C33 H65 N O5,555.4864,5.76,,Cer_AP
Cer_AP t19:0_16:0,C35 H71 N O5,585.533,7.9,,Cer_AP
Cer_AP t19:0_24:0,C43 H87 N O5,697.6575,10.61,,Cer_AP
Cer_AP t20:0_23:0,C43 H87 N O5,697.658,10.59,,Cer_AP
Cer_AP t20:0_24:0,C44 H89 N O5,711.674,11.83,,Cer_AP
Cer_AP t20:0_30:0,C50 H101 N O5,795.7678,10.96,,Cer_AP
Cer_AP t21:0_28:0,C49 H99 N O5,781.7519,13.37,,Cer_AP
Cer_AP t22:0_24:0,C46 H93 N O5,739.7054,12.5,,Cer_AP
Cer_AP t22:0_26:2,C48 H93 N O5,763.7046,12.1,,Cer_AP
Cer_AP t22:0_27:0,C49 H99 N O5,781.7521,13.37,,Cer_AP
Cer_AP t22:0_30:1,C52 H103 N O5,821.7832,13.55,,Cer_AP
Cer_AP t23:2_23:0,C46 H89 N O5,735.6736,11.18,,Cer_AP
Cer_AP t24:0_15:0,C39 H79 N O5,641.5951,8.82,,Cer_AP
Cer_AP t25:1_15:0,C40 H79 N O5,653.5955,9.01,,Cer_AP
Cer_AP t26:1_18:0,C44 H87 N O5,709.658,11.36,,Cer_AP
Cer_AP t29:1_21:0,C50 H99 N O5,793.752,13.01,,Cer_AP
Cer_AP t30:0,C30 H61 N O5,515.455,5.52,,Cer_AP
Cer_AP t30:0_25:0,C55 H111 N O5,865.8471,7.42,,Cer_AP
Cer_AP t32:1,C32 H63 N O5,541.4706,5.87,,Cer_AP
Cer_AP t32:1,C32 H63 N O5,541.4707,5.87,,Cer_AP
Cer_AP t33:0,C33 H67 N O5,557.5015,6.01,,Cer_AP
Cer_AP t33:1,C33 H65 N O5,555.4863,6.35,,Cer_AP
Cer_AP t33:1,C33 H65 N O5,555.4862,5.77,,Cer_AP
Cer_AP t33:1,C33 H65 N O5,555.4863,6.34,,Cer_AP
Cer_AP t34:0,C34 H69 N O5,571.5171,6.63,,Cer_AP
Cer_AP t34:1,C34 H67 N O5,569.5021,6.84,,Cer_AP
Cer_AP t34:1,C34 H67 N O5,569.5021,6.83,,Cer_AP
Cer_AP t36:0,C36 H73 N O5,599.5486,7.35,,Cer_AP
Cer_AP t37:0,C37 H75 N O5,613.5644,8.9,,Cer_AP
Cer_AP t37:0,C37 H75 N O5,613.5643,7.9,,Cer_AP
Cer_AP t38:0,C38 H77 N O5,627.5799,9.4,,Cer_AP
Cer_AP t38:0,C38 H77 N O5,627.5797,9.02,,Cer_AP
Cer_AP t38:0,C38 H77 N O5,627.58,9.36,,Cer_AP
Cer_AP t39:0,C39 H79 N O5,641.5958,9.81,,Cer_AP
Cer_AP t39:0,C39 H79 N O5,641.5958,9.82,,Cer_AP
Cer_AP t39:1,C39 H77 N O5,639.5798,8.87,,Cer_AP
Cer_AP t39:1,C39 H77 N O5,639.58,8.84,,Cer_AP
Cer_AP t40:0,C40 H81 N O5,655.6113,10.28,,Cer_AP
Cer_AP t40:0,C40 H81 N O5,655.6107,9.34,,Cer_AP
Cer_AP t40:1,C40 H79 N O5,653.5951,9.29,,Cer_AP
Cer_AP t40:1,C40 H79 N O5,653.5954,9.76,,Cer_AP
Cer_AP t40:1,C40 H79 N O5,653.5952,9.28,,Cer_AP
Cer_AP t42:0,C42 H85 N O5,683.6427,11.08,,Cer_AP
Cer_AP t42:0,C42 H85 N O5,683.642,10.22,,Cer_AP
Cer_AP t42:1,C42 H83 N O5,681.6268,10.18,,Cer_AP
Cer_AP t43:0,C43 H87 N O5,697.6583,11.44,,Cer_AP
Cer_AP t44:1,C44 H87 N O5,709.6581,10.99,,Cer_AP
Cer_AP t44:1,C44 H87 N O5,709.658,10.96,,Cer_AP
Cer_AP t45:1,C45 H89 N O5,723.674,11.38,,Cer_AP
Cer_AP t45:1,C45 H89 N O5,723.673,11.68,,Cer_AP
Cer_AP t46:0,C46 H93 N O5,739.7054,12.52,,Cer_AP
Cer_AP t46:1,C46 H91 N O5,737.6893,11.74,,Cer_AP
Cer_AP t46:2,C46 H89 N O5,735.6731,12,,Cer_AP
Cer_AP t47:0,C47 H95 N O5,753.7207,12.83,,Cer_AP
Cer_AP t47:0,C47 H95 N O5,753.7206,12.11,,Cer_AP
Cer_AP t48:0,C48 H97 N O5,767.7363,13.12,,Cer_AP
Cer_AP t48:0,C48 H97 N O5,767.7354,12.4,,Cer_AP
Cer_AP t48:0,C48 H97 N O5,767.7364,13.11,,Cer_AP
Cer_AP t48:1,C48 H95 N O5,765.7207,12.41,,Cer_AP
Cer_AP t50:0,C50 H101 N O5,795.767,13.68,,Cer_AP
Cer_AP t50:0,C50 H101 N O5,795.767,13.68,,Cer_AP
Cer_AP t51:0,C51 H103 N O5,809.7833,11.32,,Cer_AP
Cer_AP t52:1,C52 H103 N O5,821.7833,13.57,,Cer_AP
Cer_AP t52:2,C52 H101 N O5,819.7679,10.28,,Cer_AP
Cer_AS d14:1_14:0,C28 H55 N O4,469.413,5.08,,Cer_AS
Cer_AS d16:1_13:0,C29 H57 N O4,483.4287,5.52,,Cer_AS
Cer_AS d16:1_13:0,C29 H57 N O4,483.4288,5.5,,Cer_AS
Cer_AS d16:1_14:0,C30 H59 N O4,497.4444,5.99,,Cer_AS
Cer_AS d16:1_14:0,C30 H59 N O4,497.4444,5.99,,Cer_AS
Cer_AS d16:1_14:0,C30 H59 N O4,497.4444,5.96,,Cer_AS
Cer_AS d16:1_16:0,C32 H63 N O4,525.4763,6.9,,Cer_AS
Cer_AS d16:1_16:0,C32 H63 N O4,525.4762,6.88,,Cer_AS
Cer_AS d16:1_17:0,C33 H65 N O4,539.4915,6.85,,Cer_AS
Cer_AS d16:1_20:0,C36 H71 N O4,581.5382,7.78,,Cer_AS
Cer_AS d16:1_24:0,C40 H79 N O4,637.605,9.21,,Cer_AS
Cer_AS d17:1_14:0,C31 H61 N O4,511.46,6.45,,Cer_AS
Cer_AS d17:1_16:0,C33 H65 N O4,539.4918,7.42,,Cer_AS
Cer_AS d17:1_16:0,C33 H65 N O4,539.4918,7.41,,Cer_AS
Cer_AS d17:1_16:0,C33 H65 N O4,539.4913,6.31,,Cer_AS
Cer_AS d17:1_32:1,C49 H95 N O4,761.7258,10.38,,Cer_AS
Cer_AS d17:1_32:1,C49 H95 N O4,761.7259,10.37,,Cer_AS
Cer_AS d18:1_16:0,C34 H67 N O4,553.5074,7.92,,Cer_AS
Cer_AS d18:1_16:0,C34 H67 N O4,553.5073,7.91,,Cer_AS
Cer_AS d18:2_20:0,C38 H73 N O4,607.5531,8.99,,Cer_AS
Cer_AS d19:1_16:0,C35 H69 N O4,567.5225,8.23,,Cer_AS
Cer_AS d19:1_16:0,C35 H69 N O4,567.5226,8.22,,Cer_AS
Cer_AS d20:1_23:0,C43 H85 N O4,679.6476,11.79,,Cer_AS
Cer_AS d28:1_20:0,C48 H95 N O4,749.7257,13.36,,Cer_AS
Cer_AS d29:1_15:0,C44 H87 N O4,693.6632,10.92,,Cer_AS
Cer_AS d31:1,C31 H61 N O4,511.4601,6.43,,Cer_AS
Cer_AS d32:1,C32 H63 N O4,525.4763,6.9,,Cer_AS
Cer_AS d32:2,C32 H61 N O4,523.4598,6.13,,Cer_AS
Cer_AS d34:1,C34 H67 N O4,553.5069,6.83,,Cer_AS
Cer_AS d34:1,C34 H67 N O4,553.5069,6.37,,Cer_AS
Cer_AS d34:1,C34 H67 N O4,553.507,6.82,,Cer_AS
Cer_AS d34:2,C34 H65 N O4,551.491,7.04,,Cer_AS
Cer_AS d34:2,C34 H65 N O4,551.4911,7.02,,Cer_AS
Cer_AS d35:1,C35 H69 N O4,567.5225,8.44,,Cer_AS
Cer_AS d35:1,C35 H69 N O4,567.5224,7.32,,Cer_AS
Cer_AS d35:1,C35 H69 N O4,567.5225,7.31,,Cer_AS
Cer_AS d36:1,C36 H71 N O4,581.5382,8.88,,Cer_AS
Cer_AS d36:1,C36 H71 N O4,581.5382,7.79,,Cer_AS
Cer_AS d36:1,C36 H71 N O4,581.5382,8.86,,Cer_AS
Cer_AS d36:1,C36 H71 N O4,581.5381,7.33,,Cer_AS
Cer_AS d37:1,C37 H73 N O4,595.5537,9.37,,Cer_AS
Cer_AS d37:1,C37 H73 N O4,595.5538,8.29,,Cer_AS
Cer_AS d37:1,C37 H73 N O4,595.5525,7.86,,Cer_AS
Cer_AS d37:1,C37 H73 N O4,595.5538,8.27,,Cer_AS
Cer_AS d38:1,C38 H75 N O4,609.5695,8.79,,Cer_AS
Cer_AS d38:1,C38 H75 N O4,609.5695,9.8,,Cer_AS
Cer_AS d38:1,C38 H75 N O4,609.5695,8.77,,Cer_AS
Cer_AS d39:1,C39 H77 N O4,623.585,9.22,,Cer_AS
Cer_AS d39:1,C39 H77 N O4,623.5852,9.21,,Cer_AS
Cer_AS d40:1,C40 H79 N O4,637.6008,9.7,,Cer_AS
Cer_AS d40:1,C40 H79 N O4,637.6059,9.2,,Cer_AS
Cer_AS d40:1,C40 H79 N O4,637.6008,10.62,,Cer_AS
Cer_AS d40:1,C40 H79 N O4,637.6009,9.68,,Cer_AS
Cer_AS d40:2,C40 H77 N O4,635.5855,8.7,,Cer_AS
Cer_AS d40:2,C40 H77 N O4,635.585,9.74,,Cer_AS
Cer_AS d41:1,C41 H81 N O4,651.6164,10.09,,Cer_AS
Cer_AS d41:1,C41 H81 N O4,651.6165,10.09,,Cer_AS
Cer_AS d41:1,C41 H81 N O4,651.6161,9.72,,Cer_AS
Cer_AS d42:1,C42 H83 N O4,665.6321,10.55,,Cer_AS
Cer_AS d42:1,C42 H83 N O4,665.632,11.41,,Cer_AS
Cer_AS d42:2,C42 H81 N O4,663.6162,10.58,,Cer_AS
Cer_AS d42:2,C42 H81 N O4,663.6162,10.56,,Cer_AS
Cer_AS d42:2,C42 H81 N O4,663.6163,9.59,,Cer_AS
Cer_AS d43:1,C43 H85 N O4,679.6477,10.92,,Cer_AS
Cer_AS d43:1,C43 H85 N O4,679.6473,10.54,,Cer_AS
Cer_AS d43:1,C43 H85 N O4,679.6478,10.91,,Cer_AS
Cer_AS d44:1,C44 H87 N O4,693.6634,11.33,,Cer_AS
Cer_AS d44:2,C44 H85 N O4,691.6476,10.45,,Cer_AS
Cer_AS d44:2,C44 H85 N O4,691.6475,11.35,,Cer_AS
Cer_AS d46:1,C46 H91 N O4,721.6945,12.79,,Cer_AS
Cer_AS d46:2,C46 H89 N O4,719.6788,11.21,,Cer_AS
Cer_AS d47:1,C47 H93 N O4,735.7103,12.35,,Cer_AS
Cer_AS d48:1,C48 H95 N O4,749.7259,12.67,,Cer_AS
Cer_AS d48:1,C48 H95 N O4,749.7259,13.37,,Cer_AS
Cer_AS d49:1,C49 H97 N O4,763.7416,12.98,,Cer_AS
Cer_AS d50:2,C50 H97 N O4,775.7414,13.29,,Cer_AS
Cer_AS d51:1,C51 H101 N O4,791.7727,13.55,,Cer_AS
Cer_AS d51:1,C51 H101 N O4,791.7729,13.54,,Cer_AS
Cer_AS d52:2,C52 H101 N O4,803.7728,11.4,,Cer_AS
Cer_AS d52:2,C52 H101 N O4,803.7726,13.18,,Cer_AS
Cer_BDS d16:0_19:0,C35 H71 N O4,569.5383,8.81,,Cer_BDS
Cer_BDS d16:0_20:0,C36 H73 N O4,583.5539,8.7,,Cer_BDS
Cer_BDS d16:0_24:0,C40 H81 N O4,639.6161,10.02,,Cer_BDS
Cer_BDS d17:0_16:0,C33 H67 N O4,541.5067,7.27,,Cer_BDS
Cer_BDS d17:0_20:0,C37 H75 N O4,597.5696,9.2,,Cer_BDS
Cer_BDS d18:0_16:0,C34 H69 N O4,555.5224,7.76,,Cer_BDS
Cer_BDS d18:0_17:0,C35 H71 N O4,569.5381,8.26,,Cer_BDS
Cer_BDS d18:0_20:0,C38 H77 N O4,611.5852,9.67,,Cer_BDS
Cer_BDS d19:0_16:0,C35 H71 N O4,569.5383,8.04,,Cer_BDS
Cer_BDS d28:0_20:0,C48 H97 N O4,751.7417,13.32,,Cer_BDS
Cer_BDS d50:0,C50 H101 N O4,779.773,13.82,,Cer_BDS
Cer_BS d16:1_15:0,C31 H61 N O4,511.46,6.45,,Cer_BS
Cer_BS d16:1_15:0,C31 H61 N O4,511.4601,6.43,,Cer_BS
Cer_BS d16:1_16:0,C32 H63 N O4,525.4756,6.41,,Cer_BS
Cer_BS d16:1_16:0,C32 H63 N O4,525.4757,6.39,,Cer_BS
Cer_BS d16:1_19:0,C35 H69 N O4,567.5225,8.44,,Cer_BS
Cer_BS d16:1_19:0,C35 H69 N O4,567.5226,8.42,,Cer_BS
Cer_BS d16:1_21:0,C37 H73 N O4,595.5537,9.37,,Cer_BS
Cer_BS d16:1_23:0,C39 H77 N O4,623.5849,10.23,,Cer_BS
Cer_BS d16:1_23:1,C39 H75 N O4,621.565,9.71,,Cer_BS
Cer_BS d16:1_24:0,C40 H79 N O4,637.6008,10.14,,Cer_BS
Cer_BS d16:1_26:1,C42 H81 N O4,663.6163,10.11,,Cer_BS
Cer_BS d17:1_16:0,C33 H65 N O4,539.4914,6.86,,Cer_BS
Cer_BS d17:1_19:0,C36 H71 N O4,581.5382,8.88,,Cer_BS
Cer_BS d17:1_20:0,C37 H73 N O4,595.5538,8.84,,Cer_BS
Cer_BS d17:1_24:0,C41 H81 N O4,651.6162,10.6,,Cer_BS
Cer_BS d18:1_16:0,C34 H67 N O4,553.5069,7.39,,Cer_BS
Cer_BS d18:1_19:0,C37 H73 N O4,595.5539,9.36,,Cer_BS
Cer_BS d19:1_20:0,C39 H77 N O4,623.585,9.6,,Cer_BS
Cer_BS d19:1_24:0,C43 H85 N O4,679.6475,11.38,,Cer_BS
Cer_BS d48:1,C48 H95 N O4,749.7256,12.97,,Cer_BS
Cer_EODS d14:0_16:2_16:0,C46 H87 N O5,733.6556,12.34,,Cer_EODS
Cer_EODS d15:0_16:2_18:0,C49 H93 N O5,775.7032,13.27,,Cer_EODS
Cer_EODS d15:0_19:0_16:0,C50 H99 N O5,793.7514,12.76,,Cer_EODS
Cer_EODS d17:0_15:1_22:0,C54 H105 N O5,847.7991,13.64,,Cer_EODS
Cer_EODS d17:0_16:0_22:0,C55 H109 N O5,863.8301,14.09,,Cer_EODS
Cer_EODS d17:0_21:0_16:0,C54 H107 N O5,849.814,13.62,,Cer_EODS
Cer_EODS d17:0_21:1_22:0,C60 H117 N O5,931.8929,14.49,,Cer_EODS
Cer_EODS d18:0_15:1_20:0,C53 H103 N O5,833.7834,13.37,,Cer_EODS
Cer_EODS d18:0_34:2_18:2,C70 H131 N O5,1066.0028,14.49,,Cer_EODS
Cer_EODS d19:0_13:1_16:1,C48 H91 N O5,761.6893,11.21,,Cer_EODS
Cer_EODS d19:0_15:1_16:1,C50 H95 N O5,789.7206,11.91,,Cer_EODS
Cer_EODS d23:0_27:1_22:0,C72 H141 N O5,1100.0798,14.88,,Cer_EODS
Cer_EODS d24:0_22:0_22:0,C68 H135 N O5,1046.0329,14.85,,Cer_EODS
Cer_EODS d46:1,C46 H89 N O5,735.6737,11.2,,Cer_EODS
Cer_EODS d48:1,C48 H93 N O5,763.7051,11.87,,Cer_EODS
Cer_EODS d48:2,C48 H91 N O5,761.6895,11.22,,Cer_EODS
Cer_EODS d52:0,C52 H103 N O5,821.7833,13.57,,Cer_EODS
Cer_EODS d52:1,C52 H101 N O5,819.7675,12.71,,Cer_EODS
Cer_EODS d54:0,C54 H107 N O5,849.8148,14.04,,Cer_EODS
Cer_EODS d54:0,C54 H107 N O5,849.8146,14.02,,Cer_EODS
Cer_EODS d55:0,C55 H109 N O5,863.8302,14.08,,Cer_EODS
Cer_EODS d55:1,C55 H107 N O5,861.8146,13.84,,Cer_EODS
Cer_EODS d55:1,C55 H107 N O5,861.8149,13.85,,Cer_EODS
Cer_EODS d56:0,C56 H111 N O5,877.8455,14.2,,Cer_EODS
Cer_EODS d60:0,C60 H119 N O5,933.9084,14.57,,Cer_EODS
Cer_EODS d63:3,C63 H119 N O5,969.9085,13.87,,Cer_EODS
Cer_EODS d65:3,C65 H123 N O5,997.94,14.23,,Cer_EODS
Cer_EODS d68:4,C68 H127 N O5,1037.9718,14.37,,Cer_EODS
Cer_EODS d69:3,C69 H131 N O5,1054.0035,14.53,,Cer_EODS
Cer_EODS d69:4,C69 H129 N O5,1051.9869,14.42,,Cer_EODS
Cer_EODS d72:1,C72 H141 N O5,1100.0796,14.88,,Cer_EODS
Cer_EOS d18:1_30:0_18:2,C66 H125 N O5,1011.9561,14.37,,Cer_EOS
Cer_EOS d20:1_30:1_18:2,C68 H127 N O5,1037.9717,14.36,,Cer_EOS
Cer_EOS d21:1_25:1_18:2,C64 H119 N O5,981.9098,14.16,,Cer_EOS
Cer_EOS d21:1_29:0_18:2,C68 H129 N O5,1039.9877,14.49,,Cer_EOS
Cer_EOS d21:1_32:1_18:2,C71 H133 N O5,1080.0188,14.53,,Cer_EOS
Cer_EOS d25:1_21:0_18:2,C64 H121 N O5,983.9244,14.13,,Cer_EOS
Cer_EOS d26:1_23:0_18:2,C67 H127 N O5,1025.9713,14.42,,Cer_EOS
Cer_EOS d49:2,C49 H93 N O5,775.7053,11.56,,Cer_EOS
Cer_EOS d53:1,C53 H103 N O5,833.7836,13.37,,Cer_EOS
Cer_EOS d56:1,C56 H109 N O5,875.8303,14.13,,Cer_EOS
Cer_EOS d56:1,C56 H109 N O5,875.8304,14.12,,Cer_EOS
Cer_EOS d63:3,C63 H119 N O5,969.9087,14.16,,Cer_EOS
Cer_EOS d65:3,C65 H123 N O5,997.9399,14.22,,Cer_EOS
Cer_EOS d66:3,C66 H125 N O5,1011.956,14.36,,Cer_EOS
Cer_EOS d67:4,C67 H125 N O5,1023.9555,14.22,,Cer_EOS
Cer_EOS d67:4,C67 H125 N O5,1023.9555,14.22,,Cer_EOS
Cer_EOS d67:5,C67 H123 N O5,1021.9407,14.38,,Cer_EOS
Cer_EOS d68:3,C68 H129 N O5,1039.9879,14.5,,Cer_EOS
Cer_EOS d69:5,C69 H127 N O5,1049.9707,14.39,,Cer_EOS
Cer_EOS d70:4,C70 H131 N O5,1066.0029,14.49,,Cer_EOS
Cer_EOS d71:3,C71 H135 N O5,1082.0342,14.6,,Cer_EOS
Cer_EOS d72:4,C72 H135 N O5,1094.035,14.56,,Cer_EOS
Cer_EOS d72:5,C72 H133 N O5,1092.0182,14.5,,Cer_EOS
Cer_NDS d15:0_20:0,C35 H71 N O3,553.5433,9.1,,Cer_NDS
Cer_NDS d16:0_16:0,C32 H65 N O3,511.4963,7.63,,Cer_NDS
Cer_NDS d16:0_18:2,C34 H65 N O3,535.4962,7.39,,Cer_NDS
Cer_NDS d16:0_20:0,C36 H73 N O3,567.5592,9.58,,Cer_NDS
Cer_NDS d16:0_20:0,C36 H73 N O3,567.5593,9.56,,Cer_NDS
Cer_NDS d16:0_24:0,C40 H81 N O3,623.6219,11.25,,Cer_NDS
Cer_NDS d17:0_16:0,C33 H67 N O3,525.5121,8.13,,Cer_NDS
Cer_NDS d17:0_16:0,C33 H67 N O3,525.5121,8.12,,Cer_NDS
Cer_NDS d17:0_20:0,C37 H75 N O3,581.5748,10.03,,Cer_NDS
Cer_NDS d17:0_20:0,C37 H75 N O3,581.5748,10.02,,Cer_NDS
Cer_NDS d17:0_22:0,C39 H79 N O3,609.6061,10.87,,Cer_NDS
Cer_NDS d17:0_22:0,C39 H79 N O3,609.6061,10.86,,Cer_NDS
Cer_NDS d18:0_16:0,C34 H69 N O3,539.5278,8.65,,Cer_NDS
Cer_NDS d18:0_20:0,C38 H77 N O3,595.5906,10.44,,Cer_NDS
Cer_NDS d18:0_24:1,C42 H83 N O3,649.637,11.18,,Cer_NDS
Cer_NDS d19:0_30:1,C49 H97 N O3,747.7471,13.85,,Cer_NDS
Cer_NDS d19:0_32:1,C51 H101 N O3,775.7782,14.23,,Cer_NDS
Cer_NDS d19:0_32:2,C51 H99 N O3,773.7624,13.8,,Cer_NDS
Cer_NDS d20:0_32:2,C52 H101 N O3,787.7783,14.07,,Cer_NDS
Cer_NDS d20:0_32:2,C52 H101 N O3,787.7785,14.05,,Cer_NDS
Cer_NDS d20:0_34:2,C54 H105 N O3,815.8092,14.36,,Cer_NDS
Cer_NDS d21:0_20:0,C41 H83 N O3,637.6375,11.62,,Cer_NDS
Cer_NDS d22:0_24:0,C46 H93 N O3,707.7153,13.55,,Cer_NDS
Cer_NDS d22:0_26:0,C48 H97 N O3,735.7465,14.07,,Cer_NDS
Cer_NDS d23:0_28:0,C51 H103 N O3,777.7931,14.36,,Cer_NDS
Cer_NDS d32:0,C32 H65 N O3,511.4964,7.62,,Cer_NDS
Cer_NDS d35:0,C35 H71 N O3,553.5433,9.11,,Cer_NDS
Cer_NDS d38:0,C38 H77 N O3,595.5905,10.45,,Cer_NDS
Cer_NDS d40:0,C40 H81 N O3,623.6219,11.24,,Cer_NDS
Cer_NDS d41:0,C41 H83 N O3,637.6375,11.64,,Cer_NDS
Cer_NDS d42:0,C42 H85 N O3,651.6532,11.99,,Cer_NDS
Cer_NDS d42:2,C42 H81 N O3,647.6216,10.9,,Cer_NDS
Cer_NDS d44:1,C44 H87 N O3,677.6689,12.43,,Cer_NDS
Cer_NDS d45:0,C45 H91 N O3,693.7001,12.99,,Cer_NDS
Cer_NDS d45:1,C45 H89 N O3,691.6852,12.76,,Cer_NDS
Cer_NDS d46:0,C46 H93 N O3,707.716,13.28,,Cer_NDS
Cer_NDS d46:0,C46 H93 N O3,707.7159,13.26,,Cer_NDS
Cer_NDS d46:1,C46 H91 N O3,705.7004,13.06,,Cer_NDS
Cer_NDS d47:0,C47 H95 N O3,721.7312,13.56,,Cer_NDS
Cer_NDS d47:0,C47 H95 N O3,721.7313,13.55,,Cer_NDS
Cer_NDS d48:0,C48 H97 N O3,735.7469,13.81,,Cer_NDS
Cer_NDS d48:0,C48 H97 N O3,735.747,13.81,,Cer_NDS
Cer_NDS d48:1,C48 H95 N O3,733.7318,13.64,,Cer_NDS
Cer_NDS d48:1,C48 H95 N O3,733.7317,13.62,,Cer_NDS
Cer_NDS d49:0,C49 H99 N O3,749.7622,14.08,,Cer_NDS
Cer_NDS d49:0,C49 H99 N O3,749.7623,14.07,,Cer_NDS
Cer_NDS d49:1,C49 H97 N O3,747.7471,13.85,,Cer_NDS
Cer_NDS d49:1,C49 H97 N O3,747.7463,13.41,,Cer_NDS
Cer_NDS d50:0,C50 H101 N O3,763.7761,14.21,,Cer_NDS
Cer_NDS d50:1,C50 H99 N O3,761.7631,14.13,,Cer_NDS
Cer_NDS d50:1,C50 H99 N O3,761.763,14.12,,Cer_NDS
Cer_NDS d50:1,C50 H99 N O3,761.7623,14.36,,Cer_NDS
Cer_NDS d50:2,C50 H97 N O3,759.7466,13.55,,Cer_NDS
Cer_NDS d52:1,C52 H103 N O3,789.7942,14.38,,Cer_NDS
Cer_NP t14:2_34:0,C48 H93 N O4,747.7103,12.72,,Cer_NP
Cer_NP t16:0_31:1,C47 H93 N O4,735.7099,11.89,,Cer_NP
Cer_NP t16:0_31:1,C47 H93 N O4,735.7101,12.03,,Cer_NP
Cer_NP t17:0_14:0,C31 H63 N O4,513.4755,6.27,,Cer_NP
Cer_NP t17:0_16:0,C33 H67 N O4,541.5067,7.27,,Cer_NP
Cer_NP t17:0_16:0,C33 H67 N O4,541.5067,7.25,,Cer_NP
Cer_NP t17:0_20:0,C37 H75 N O4,597.5696,9.22,,Cer_NP
Cer_NP t17:0_22:0,C39 H79 N O4,625.6009,10.11,,Cer_NP
Cer_NP t17:0_22:1,C39 H77 N O4,623.585,9.22,,Cer_NP
Cer_NP t17:0_24:0,C41 H83 N O4,653.6321,10.94,,Cer_NP
Cer_NP t17:0_26:0,C43 H87 N O4,681.6634,11.69,,Cer_NP
Cer_NP t18:0_16:0,C34 H69 N O4,555.5224,7.76,,Cer_NP
Cer_NP t18:0_20:0,C38 H77 N O4,611.5853,9.7,,Cer_NP
Cer_NP t18:0_24:2,C42 H81 N O4,663.6162,9.61,,Cer_NP
Cer_NP t19:0_24:0,C43 H87 N O4,681.6639,12.11,,Cer_NP
Cer_NP t21:1_28:0,C49 H97 N O4,763.7414,11.07,,Cer_NP
Cer_NP t22:0_24:0,C46 H93 N O4,723.7106,12.73,,Cer_NP
Cer_NP t22:0_28:0,C50 H101 N O4,779.7729,13.79,,Cer_NP
Cer_NP t22:0_30:0,C52 H105 N O4,807.8038,14.18,,Cer_NP
Cer_NP t36:0,C36 H73 N O4,583.5538,8.17,,Cer_NP
Cer_NP t36:1,C36 H71 N O4,581.5382,7.79,,Cer_NP
Cer_NP t37:0,C37 H75 N O4,597.5697,9.75,,Cer_NP
Cer_NP t38:1,C38 H75 N O4,609.5695,8.79,,Cer_NP
Cer_NP t40:0,C40 H81 N O4,639.6167,10.99,,Cer_NP
Cer_NP t40:2,C40 H77 N O4,635.5852,8.69,,Cer_NP
Cer_NP t41:0,C41 H83 N O4,653.6324,11.37,,Cer_NP
Cer_NP t41:1,C41 H81 N O4,651.6164,10.09,,Cer_NP
Cer_NP t42:0,C42 H85 N O4,667.6479,11.35,,Cer_NP
Cer_NP t45:0,C45 H91 N O4,709.6947,12.78,,Cer_NP
Cer_NP t45:2,C45 H87 N O4,705.6626,11.68,,Cer_NP
Cer_NP t46:1,C46 H91 N O4,721.6944,12.35,,Cer_NP
Cer_NP t46:2,C46 H89 N O4,719.6788,11.22,,Cer_NP
Cer_NP t47:0,C47 H95 N O4,737.726,13.02,,Cer_NP
Cer_NP t47:1,C47 H93 N O4,735.7101,10.3,,Cer_NP
Cer_NP t48:1,C48 H95 N O4,749.7257,12.33,,Cer_NP
Cer_NP t49:1,C49 H97 N O4,763.7411,13.28,,Cer_NP
Cer_NP t50:1,C50 H99 N O4,777.7571,13.25,,Cer_NP
Cer_NP t50:1,C50 H99 N O4,777.7572,13.26,,Cer_NP
Cer_NP t50:2,C50 H97 N O4,775.7414,10.74,,Cer_NP
Cer_NP t50:2,C50 H97 N O4,775.7409,12.22,,Cer_NP
Cer_NP t53:1,C53 H105 N O4,819.8045,14.05,,Cer_NP
Cer_NP t53:2,C53 H103 N O4,817.7883,13.4,,Cer_NP
Cer_NP t54:1,C54 H107 N O4,833.8196,14.19,,Cer_NP
Cer_NP t54:2,C54 H105 N O4,831.8041,13.73,,Cer_NP
Cer_NS d16:1_16:0,C32 H63 N O3,509.4808,7.31,,Cer_NS
Cer_NS d16:1_16:0,C32 H63 N O3,509.4808,7.3,,Cer_NS
Cer_NS d16:1_16:1,C32 H61 N O3,507.4654,6.96,,Cer_NS
Cer_NS d16:1_16:1,C32 H61 N O3,507.4651,6.42,,Cer_NS
Cer_NS d16:1_18:1,C34 H65 N O3,535.4963,7.4,,Cer_NS
Cer_NS d16:1_19:0,C35 H69 N O3,551.5277,8.79,,Cer_NS
Cer_NS d16:1_20:0,C36 H71 N O3,565.5436,9.24,,Cer_NS
Cer_NS d16:1_20:0,C36 H71 N O3,565.5437,9.26,,Cer_NS
Cer_NS d16:1_20:0,C36 H71 N O3,565.5437,9.25,,Cer_NS
Cer_NS d16:1_22:0,C38 H75 N O3,593.5748,10.14,,Cer_NS
Cer_NS d16:1_22:0,C38 H75 N O3,593.5749,10.16,,Cer_NS
Cer_NS d16:1_22:0,C38 H75 N O3,593.5749,10.14,,Cer_NS
Cer_NS d16:1_24:0,C40 H79 N O3,621.606,10.98,,Cer_NS
Cer_NS d16:1_26:0,C42 H83 N O3,649.6375,11.73,,Cer_NS
Cer_NS d16:1_28:0,C44 H87 N O3,677.6689,12.45,,Cer_NS
Cer_NS d17:1_14:0,C31 H61 N O3,495.465,6.83,,Cer_NS
Cer_NS d17:1_16:0,C33 H65 N O3,523.4965,7.78,,Cer_NS
Cer_NS d17:1_16:1,C33 H63 N O3,521.481,7.42,,Cer_NS
Cer_NS d17:1_18:0,C35 H69 N O3,551.5277,8.81,,Cer_NS
Cer_NS d17:1_20:0,C37 H73 N O3,579.5592,9.75,,Cer_NS
Cer_NS d17:1_20:0,C37 H73 N O3,579.5592,9.72,,Cer_NS
Cer_NS d17:1_22:0,C39 H77 N O3,607.5909,10.57,,Cer_NS
Cer_NS d17:1_22:0,C39 H77 N O3,607.5905,10.57,,Cer_NS
Cer_NS d17:1_24:0,C41 H81 N O3,635.6218,11.38,,Cer_NS
Cer_NS d17:1_24:0,C41 H81 N O3,635.6219,11.37,,Cer_NS
Cer_NS d17:1_28:0,C45 H89 N O3,691.6845,12.75,,Cer_NS
Cer_NS d18:1_16:0,C34 H67 N O3,537.5122,8.3,,Cer_NS
Cer_NS d18:1_16:0,C34 H67 N O3,537.5123,8.31,,Cer_NS
Cer_NS d18:1_16:0,C34 H67 N O3,537.5122,8.3,,Cer_NS
Cer_NS d18:1_16:1,C34 H65 N O3,535.4963,7.93,,Cer_NS
Cer_NS d18:1_17:0,C35 H69 N O3,551.5267,8.78,,Cer_NS
Cer_NS d18:1_24:1,C42 H81 N O3,647.6216,10.9,,Cer_NS
Cer_NS d18:1_24:1,C42 H81 N O3,647.6216,10.88,,Cer_NS
Cer_NS d20:1_26:0,C46 H91 N O3,705.6999,13.05,,Cer_NS
Cer_NS d20:1_30:1,C50 H97 N O3,759.7469,13.53,,Cer_NS
Cer_NS d21:1_28:0,C49 H97 N O3,747.747,13.89,,Cer_NS
Cer_NS d21:1_30:0,C51 H101 N O3,775.7778,14.27,,Cer_NS
Cer_NS d22:1_28:0,C50 H99 N O3,761.7627,14.13,,Cer_NS
Cer_NS d22:1_29:0,C51 H101 N O3,775.7782,14.23,,Cer_NS
Cer_NS d22:1_30:0,C52 H103 N O3,789.7939,14.38,,Cer_NS
Cer_NS d22:1_30:1,C52 H101 N O3,787.7786,14.05,,Cer_NS
Cer_NS d22:1_32:2,C54 H103 N O3,813.7941,14.07,,Cer_NS
Cer_NS d23:2_29:1,C52 H99 N O3,785.7503,13.58,,Cer_NS
Cer_NS d35:1,C35 H69 N O3,551.5277,8.81,,Cer_NS
Cer_NS d36:2,C36 H69 N O3,563.5274,8.38,,Cer_NS
Cer_NS d37:1,C37 H73 N O3,579.5593,9.71,,Cer_NS
Cer_NS d39:1,C39 H77 N O3,607.5905,10.59,,Cer_NS
Cer_NS d40:1,C40 H79 N O3,621.6062,10.99,,Cer_NS
Cer_NS d40:1,C40 H79 N O3,621.6063,10.98,,Cer_NS
Cer_NS d40:2,C40 H77 N O3,619.5902,10.07,,Cer_NS
Cer_NS d44:1,C44 H87 N O3,677.6687,12.43,,Cer_NS
Cer_NS d46:1,C46 H91 N O3,705.7005,13.07,,Cer_NS
Cer_NS d47:1,C47 H93 N O3,719.7161,13.36,,Cer_NS
Cer_NS d48:1,C48 H95 N O3,733.7312,13.63,,Cer_NS
Cer_NS d48:2,C48 H93 N O3,731.7154,12.96,,Cer_NS
Cer_NS d49:1,C49 H97 N O3,747.7463,13.42,,Cer_NS
Cer_NS d52:1,C52 H103 N O3,789.7935,14.18,,Cer_NS
Cer_NS d52:2,C52 H101 N O3,787.7772,13.72,,Cer_NS
Cer_NS d54:3,C54 H103 N O3,813.794,14.06,,Cer_NS
Cer_NS d56:3,C56 H107 N O3,841.8248,14.36,,Cer_NS
DG 16:0_16:1,C35 H66 O5,566.4909,8.9,,DG
DG 16:0_18:0,C37 H72 O5,596.5379,10.62,,DG
DG 16:0_18:1,C37 H70 O5,594.5225,9.8,,DG
DG 16:1_16:1,C35 H64 O5,564.4751,7.96,,DG
DG 18:0_18:0,C39 H76 O5,624.5694,11.41,,DG
DG 18:0_18:1,C39 H74 O5,622.5538,10.62,,DG
DG 18:1_18:1,C39 H72 O5,620.5378,9.81,,DG
DG 18:1_18:2,C39 H70 O5,618.5226,9.08,,DG
DG 23:3,C26 H44 O5,436.3185,4.83,,DG
DG 27:4,C30 H50 O5,490.3651,5.14,,DG
DG 30:1,C33 H62 O5,538.4595,7.89,,DG
DG 30:5,C33 H54 O5,530.4,6.32,,DG
DG 31:1,C34 H64 O5,552.4743,8.2,,DG
DG 32:0|DG 16:0_16:0,C35 H68 O5,568.5065,9.7,,DG
DG 32:1|DG 14:0_18:1,C35 H66 O5,566.4909,8.84,,DG
DG 34:0|DG 16:0_18:0,C37 H72 O5,596.5377,10.56,,DG
DG 34:1|DG 16:0_18:1,C37 H70 O5,594.5223,9.75,,DG
DG 34:2|DG 16:0_18:2,C37 H68 O5,592.5066,9.01,,DG
DG 34:3,C37 H66 O5,590.4914,8.16,,DG
DG 36:0|DG 18:0_18:0,C39 H76 O5,624.5691,11.34,,DG
DG 36:1|DG 18:0_18:1,C39 H74 O5,622.5537,10.57,,DG
DG 36:2|DG 18:1_18:1,C39 H72 O5,620.5377,9.76,,DG
DG 36:3|DG 18:1_18:2,C39 H70 O5,618.5219,9.02,,DG
DG 36:4|DG 18:2_18:2,C39 H68 O5,616.5064,8.27,,DG
DG 37:3,C40 H72 O5,632.536,7.65,,DG
DG 38:2,C41 H76 O5,648.5693,10.53,,DG
DG 38:3,C41 H74 O5,646.5546,9.82,,DG
DG 38:4|DG 18:0_20:4,C41 H72 O5,644.5374,9.7,,DG
DG 39:3,C42 H76 O5,660.5691,8.43,,DG
DG 40:5,C43 H74 O5,670.5537,12.03,,DG
DG 40:6,C43 H72 O5,668.5375,7.53,,DG
DG 40:9,C43 H66 O5,662.4918,8.04,,DG
DG 41:2,C44 H82 O5,690.6164,9.94,,DG
DG 42:4,C45 H80 O5,700.5967,4.3,,DG
DG 43:2,C46 H86 O5,718.6472,10.69,,DG
DG 43:3,C46 H84 O5,716.6318,9.94,,DG
DG 43:7,C46 H76 O5,708.5689,11.32,,DG
DG 43:8,C46 H74 O5,706.5553,10.5,,DG
DG 44:12,C47 H68 O5,712.5117,6.7,,DG
DG 45:3,C48 H88 O5,744.6631,10.7,,DG
DG 45:4,C48 H86 O5,742.6515,8.57,,DG
DG 45:9,C48 H76 O5,732.5699,10.88,,DG
DG 46:8,C49 H80 O5,748.602,4.45,,DG
DG 46:8,C49 H80 O5,748.6001,11.68,,DG
DG 47:7,C50 H84 O5,764.6323,12.75,,DG
DG 47:8,C50 H82 O5,762.6164,12.12,,DG
DG 47:9,C50 H80 O5,760.601,4.16,,DG
DG 47:9,C50 H80 O5,760.5995,11.5,,DG
DG 48:7,C51 H86 O5,778.6482,12.95,,DG
DG 48:8,C51 H84 O5,776.6318,12.31,,DG
DG 48:9,C51 H82 O5,774.6158,11.77,,DG
DG 49:10,C52 H82 O5,786.6168,11.6,,DG
DG 49:13,C52 H76 O5,780.5693,5.46,,DG
DG 49:13,C52 H76 O5,780.5697,4.39,,DG
DG 49:7,C52 H88 O5,792.6635,13.3,,DG
DG 49:8,C52 H86 O5,790.6477,12.74,,DG
DG 49:9,C52 H84 O5,788.6321,12.13,,DG
DG 50:9,C53 H86 O5,802.6478,12.41,,DG
DG 51:10,C54 H86 O5,814.648,12.24,,DG
DG 51:8,C54 H90 O5,818.679,13.29,,DG
DG_d5 31:1,C34 H59 O5,547.4349,6.88,,DG_d5
DG_d5 38:1,C41 H73 O5,645.544,10.16,,DG_d5
DG_d5 42:1,C45 H81 O5,701.613,11.7,,DG_d5
DGCC 34:2,C44 H81 N O8,751.5964,7.14,,DGCC
DGGA 34:1|DGGA 16:0_18:1,C43 H78 O11,770.5545,8.1,,DGGA
DGGA 36:2|DGGA 18:1_18:1,C45 H80 O11,796.5628,8.03,,DGGA
DGTS 16:0_18:1,C44 H83 N O7,737.617,8.65,,DGTS
DGTS 16:0_22:2,C48 H89 N O7,791.6639,9.89,,DGTS
DGTS 18:1_18:1,C46 H85 N O7,763.6326,8.63,,DGTS
DGTS 18:1_19:1,C47 H87 N O7,777.6483,9.27,,DGTS
DGTS 35:1|DGTS 16:0_19:1,C45 H85 N O7,751.6327,9.24,,DGTS
DGTS 36:1|DGTS 18:0_18:1,C46 H87 N O7,765.648,9.49,,DGTS
DGTS 37:2,C47 H87 N O7,777.6482,9.21,,DGTS
DGTS 38:2|DGTS 19:1_19:1,C48 H89 N O7,791.6637,9.83,,DGTS
DGTS 46:5,C56 H99 N O7,897.7309,12.74,,DGTS
EOS(d9) (d18:1-d9/32:0/18:2),C68 H120 D9 N O5,1049.0438,14.49,,EOS(d9)
EtherOxPC 18:0e_20:3+1O,C46 H88 N O8 P,813.6247,9.15,,EtherOxPC
EtherPC 16:1e_16:0,C40 H80 N O7 P,717.5643,8.72,,EtherPC
EtherPC 16:1e_18:1,C42 H82 N O7 P,743.5813,8.8,,EtherPC
EtherPC 16:1e_18:2,C42 H80 N O7 P,741.5677,7.95,,EtherPC
EtherPC 16:1e_20:4,C44 H80 N O7 P,765.5673,7.75,,EtherPC
EtherPC 16:1e_20:4,C44 H80 N O7 P,765.5676,7.74,,EtherPC
EtherPC 18:0e_20:4,C46 H86 N O7 P,795.6143,8.86,,EtherPC
EtherPC 18:1e_16:0,C42 H84 N O7 P,745.5985,8.84,,EtherPC
EtherPC 18:1e_16:0,C42 H84 N O7 P,745.5987,8.83,,EtherPC
EtherPC 18:1e_18:2,C44 H84 N O7 P,769.6,8.89,,EtherPC
EtherPC 18:1e_20:4,C46 H84 N O7 P,793.5982,7.93,,EtherPC
EtherPC 18:1e_20:4,C46 H84 N O7 P,793.5988,8.71,,EtherPC
EtherPC 18:1e_20:4,C46 H84 N O7 P,793.5984,7.92,,EtherPC
EtherPC 18:2e_18:2,C44 H82 N O7 P,767.5828,7.94,,EtherPC
EtherPC 18:2e_18:2,C44 H82 N O7 P,767.5831,7.94,,EtherPC
EtherPC 18:2e_20:4,C46 H82 N O7 P,791.5827,7.79,,EtherPC
EtherPC 18:2e_20:4,C46 H82 N O7 P,791.5827,7.78,,EtherPC
EtherPC 18:3e_20:4,C46 H80 N O7 P,789.5671,7.05,,EtherPC
EtherPE 14:1e_16:1,C35 H68 N O7 P,645.4746,7.09,,EtherPE
EtherPE 14:1e_20:4,C39 H70 N O7 P,695.4891,7.07,,EtherPE
EtherPE 14:1e_20:4,C39 H70 N O7 P,695.4897,7.05,,EtherPE
EtherPE 16:1e_16:1,C37 H72 N O7 P,673.509,8.07,,EtherPE
EtherPE 16:1e_16:1,C37 H72 N O7 P,673.5091,8.04,,EtherPE
EtherPE 16:1e_18:1,C39 H76 N O7 P,701.5366,9.02,,EtherPE
EtherPE 16:1e_18:1,C39 H76 N O7 P,701.5365,9,,EtherPE
EtherPE 16:1e_18:2,C39 H74 N O7 P,699.5211,8.24,,EtherPE
EtherPE 16:1e_18:2,C39 H74 N O7 P,699.5233,8.2,,EtherPE
EtherPE 16:1e_20:4,C41 H74 N O7 P,723.5202,8.05,,EtherPE
EtherPE 16:1e_20:4,C41 H74 N O7 P,723.5202,8.03,,EtherPE
EtherPE 16:1e_22:4,C43 H78 N O7 P,751.5515,8.7,,EtherPE
EtherPE 16:1e_22:4,C43 H78 N O7 P,751.5516,8.69,,EtherPE
EtherPE 16:2e_18:2,C39 H72 N O7 P,697.5065,7.34,,EtherPE
EtherPE 18:1e_18:1,C41 H80 N O7 P,729.5682,9.88,,EtherPE
EtherPE 18:1e_18:2,C41 H78 N O7 P,727.5517,9.17,,EtherPE
EtherPE 18:1e_20:3,C43 H80 N O7 P,753.5674,9.41,,EtherPE
EtherPE 18:1e_20:4,C43 H78 N O7 P,751.5517,8.92,,EtherPE
EtherPE 18:1e_20:4,C43 H78 N O7 P,751.5517,8.95,,EtherPE
EtherPE 18:1e_22:4,C45 H82 N O7 P,779.5829,9.59,,EtherPE
EtherPE 18:1e_22:5,C45 H80 N O7 P,777.5674,8.9,,EtherPE
EtherPE 18:2e_18:2,C41 H76 N O7 P,725.5359,8.28,,EtherPE
EtherPE 18:2e_18:2,C41 H76 N O7 P,725.5361,8.26,,EtherPE
EtherPE 18:2e_20:4,C43 H76 N O7 P,749.536,8.06,,EtherPE
EtherPE 18:2e_20:4,C43 H76 N O7 P,749.5359,8.05,,EtherPE
EtherPE 18:2e_22:4,C45 H80 N O7 P,777.5667,8.76,,EtherPE
EtherPE 18:2e_22:4,C45 H80 N O7 P,777.5668,8.71,,EtherPE
EtherPE 18:2e_22:6,C45 H76 N O7 P,773.5363,7.76,,EtherPE
EtherPE 18:3e_18:2,C41 H74 N O7 P,723.5209,7.51,,EtherPE
EtherPE 18:3e_20:4,C43 H74 N O7 P,747.5202,7.33,,EtherPE
EtherPE 40:7e,C45 H78 N O7 P,775.5512,8.1,,EtherPE
EtherPE 40:7e,C45 H78 N O7 P,775.5515,8.1,,EtherPE
FA 16:0,C16 H32 O2,256.2403,4.24,,FA
FA 16:0,C16 H32 O2,256.2402,14.59,,FA
FA 16:0,C16 H32 O2,256.2404,4.24,,FA
FA 16:0,C16 H32 O2,256.2403,12.19,,FA
FA 16:1,C16 H30 O2,254.2246,3.6,,FA
FA 16:1,C16 H30 O2,254.2247,3.6,,FA
FA 17:0,C17 H34 O2,270.2559,3,,FA
FA 17:0,C17 H34 O2,270.256,3,,FA
FA 18:0,C18 H36 O2,284.2716,5.08,,FA
FA 18:0,C18 H36 O2,284.2716,5.07,,FA
FA 18:0,C18 H36 O2,284.2716,14.59,,FA
FA 18:1,C18 H34 O2,282.256,4.33,,FA
FA 18:1,C18 H34 O2,282.2561,4.32,,FA
FA 18:2,C18 H32 O2,280.2403,3.79,,FA
FA 18:2,C18 H32 O2,280.2404,3.79,,FA
FA 19:0,C19 H38 O2,298.2873,5.53,,FA
FA 20:0,C20 H40 O2,312.3028,6.04,,FA
FA 20:0,C20 H40 O2,312.3029,6.02,,FA
FA 20:0,C20 H40 O2,312.3028,14.59,,FA
FA 20:0,C20 H40 O2,312.3029,13.36,,FA
FA 20:0,C20 H40 O2,312.3028,13.61,,FA
FA 20:1,C20 H38 O2,310.2872,5.11,,FA
FA 20:1,C20 H38 O2,310.2872,5.1,,FA
FA 20:2,C20 H36 O2,308.2715,4.46,,FA
FA 20:3,C20 H34 O2,306.2558,3.98,,FA
FA 20:3,C20 H34 O2,306.2559,3.97,,FA
FA 20:5,C20 H30 O2,302.2245,3.41,,FA
FA 20:6,C20 H28 O2,300.2089,2.44,,FA
FA 21:0,C21 H42 O2,326.3184,6.54,,FA
FA 21:0,C21 H42 O2,326.3185,6.52,,FA
FA 21:0,C21 H42 O2,326.3187,13.84,,FA
FA 22:0,C22 H44 O2,340.3342,7.02,,FA
FA 22:0,C22 H44 O2,340.3343,7.02,,FA
FA 22:0,C22 H44 O2,340.3342,14.65,,FA
FA 22:0,C22 H44 O2,340.3342,14.1,,FA
FA 22:0,C22 H44 O2,340.3342,13.84,,FA
FA 22:0,C22 H44 O2,340.3342,14.21,,FA
FA 22:0,C22 H44 O2,340.3341,13.36,,FA
FA 22:1,C22 H42 O2,338.3185,6.02,,FA
FA 22:1,C22 H42 O2,338.3186,6.01,,FA
FA 22:2,C22 H40 O2,336.3028,5.24,,FA
FA 22:4,C22 H36 O2,332.2715,4.2,,FA
FAHFA 16:0_18:2,C34 H62 O4,534.4624,4.24,,FAHFA
FAHFA 16:0_2:0,C18 H34 O4,314.2458,3.82,,FAHFA
FAHFA 16:1_16:1,C32 H58 O4,506.4335,6.69,,FAHFA
FAHFA 16:1_18:3,C34 H58 O4,530.4312,3.6,,FAHFA
FAHFA 16:1_18:3,C34 H58 O4,530.4313,3.6,,FAHFA
FAHFA 16:1_8:0,C24 H44 O4,396.3239,4.49,,FAHFA
FAHFA 16:1_9:0,C25 H46 O4,410.3395,4.73,,FAHFA
FAHFA 18:0_20:2,C38 H70 O4,590.525,5.07,,FAHFA
FAHFA 18:1_20:3,C38 H66 O4,586.4937,4.32,,FAHFA
FAHFA 2:0_18:0,C20 H38 O4,342.277,3.48,,FAHFA
FAHFA 20:1_20:2,C40 H72 O4,616.5414,5.1,,FAHFA
FAHFA 24:0_2:0,C26 H50 O4,426.3708,7.21,,FAHFA
GlcADG 14:0_18:5,C41 H66 O11,734.4618,4.3,,GlcADG
GlcADG 18:1_18:1,C45 H80 O11,796.5623,8.07,,GlcADG
HexCer_AP t18:0_16:0,C40 H79 N O10,733.5699,7.01,,HexCer_AP
HexCer_AP t25:1_30:1,C61 H117 N O10,1023.867,13.36,,HexCer_AP
HexCer_NDS d36:1,C42 H81 N O8,727.596,8.58,,HexCer_NDS
HexCer_NDS d40:1,C46 H89 N O8,783.6588,10.35,,HexCer_NDS
HexCer_NDS d42:0,C48 H95 N O8,813.7054,11.41,,HexCer_NDS
LPC 16:0/0:0,C24 H50 N O7 P,495.3324,2.39,,LPC
LPC 16:0/0:0,C24 H50 N O7 P,495.3325,2.16,,LPC
LPC 16:0/0:0,C24 H50 N O7 P,495.3326,2.38,,LPC
LPC 16:1/0:0,C24 H48 N O7 P,493.3169,1.46,,LPC
LPC 16:1/0:0,C24 H48 N O7 P,493.3171,1.46,,LPC
LPC 18:0/0:0,C26 H54 N O7 P,523.3638,3.6,,LPC
LPC 18:0/0:0,C26 H54 N O7 P,523.3638,3.6,,LPC
LPC 18:1/0:0,C26 H52 N O7 P,521.348,2.38,,LPC
LPC 18:1/0:0,C26 H52 N O7 P,521.3481,2.59,,LPC
LPC 18:1/0:0,C26 H52 N O7 P,521.3479,2.37,,LPC
LPC 18:1/0:0(d7),C26 H45 D7 N O7 P,528.3925,2.57,,LPC
LPC 18:1/0:0(d7),C26 H45 D7 N O7 P,528.392,2.57,,LPC
LPC 18:1/0:0(d7),C26 H45 D7 N O7 P,528.3919,2.35,,LPC
LPC 18:1/0:0(d7),C26 H45 D7 N O7 P,528.3921,2.57,,LPC
LPC 18:1/0:0(d7),C26 H45 D7 N O7 P,528.392,2.34,,LPC
LPC 18:2/0:0,C26 H50 N O7 P,519.3324,1.69,,LPC
LPC 18:2/0:0,C26 H50 N O7 P,519.3323,1.85,,LPC
LPC 18:2/0:0,C26 H50 N O7 P,519.3325,1.69,,LPC
LPC 20:4/0:0,C28 H50 N O7 P,543.3326,1.65,,LPC
LPE 16:0,C21 H44 N O7 P,453.2852,2.47,,LPE
LPE 16:0,C21 H44 N O7 P,453.2856,2.46,,LPE
LPE 16:1,C21 H42 N O7 P,451.2702,1.51,,LPE
LPE 18:0,C23 H48 N O7 P,481.3167,3.68,,LPE
LPE 18:0,C23 H48 N O7 P,481.3168,3.68,,LPE
LPE 18:1,C23 H46 N O7 P,479.301,2.47,,LPE
LPE 18:1,C23 H46 N O7 P,479.3013,2.47,,LPE
LPE 18:1,C23 H46 N O7 P,479.3006,2.69,,LPE
LPE 18:1(d7),C23 H39 D7 N O7 P,486.3451,2.67,,LPE
LPE 18:1(d7),C23 H39 D7 N O7 P,486.3449,2.44,,LPE
LPE 18:1(d7),C23 H39 D7 N O7 P,486.3451,2.66,,LPE
LPE 18:1(d7),C23 H39 D7 N O7 P,486.3453,2.44,,LPE
LPE 18:2,C23 H44 N O7 P,477.2854,1.76,,LPE
LPE 18:2,C23 H44 N O7 P,477.2857,1.75,,LPE
LPE 20:4,C25 H44 N O7 P,501.2854,1.71,,LPE
LPE 20:4,C25 H44 N O7 P,501.2859,1.7,,LPE
NAE 22:0,C24 H49 N O2,383.3762,5.95,,NAE
NAE 22:3,C24 H43 N O2,377.327,3.92,,NAE
NAE 22:4,C24 H41 N O2,375.3116,3.62,,NAE
NAE 22:5,C24 H39 N O2,373.2957,2.94,,NAE
NAE 24:0,C26 H53 N O2,411.4079,6.84,,NAE
NAE 25:1,C27 H53 N O2,423.4061,3.76,,NAE
NAE 26:5,C28 H47 N O2,429.3575,3.96,,NAE
NAE 26:5,C28 H47 N O2,429.3574,3.83,,NAE
NAE 9:0,C11 H23 N O2,201.173,0.51,,NAE
PC 14:0_14:0,C36 H72 N O8 P,677.4978,6.46,,PC
PC 14:0_16:0,C38 H76 N O8 P,705.5301,7.32,,PC
PC 14:0_16:0,C38 H76 N O8 P,705.53,7.31,,PC
PC 14:0_16:1,C38 H74 N O8 P,703.5172,6.46,,PC
PC 14:0_16:1,C38 H74 N O8 P,703.5165,6.44,,PC
PC 14:1_16:1,C38 H72 N O8 P,701.4994,5.67,,PC
PC 15:0_16:1,C39 H76 N O8 P,717.5306,6.74,,PC
PC 15:0_18:1,C41 H80 N O8 P,745.5631,7.89,,PC
PC 15:0_18:1,C41 H80 N O8 P,745.5634,7.89,,PC
PC 15:0_18:1(d7),C41 H73 D7 N O8 P,752.606,7.8,,PC
PC 15:0_18:1(d7),C41 H73 D7 N O8 P,752.6064,7.85,,PC
PC 15:0_18:1(d7),C41 H73 D7 N O8 P,752.6065,7.83,,PC
PC 15:0_18:2,C41 H78 N O8 P,743.5474,7.07,,PC
PC 15:0_18:2,C41 H78 N O8 P,743.5472,7.06,,PC
PC 16:0_16:0,C40 H80 N O8 P,733.5627,8.28,,PC
PC 16:0_16:0,C40 H80 N O8 P,733.5619,8.28,,PC
PC 16:0_16:0,C40 H80 N O8 P,733.5619,8.27,,PC
PC 16:0_16:1,C40 H78 N O8 P,731.5465,7.39,,PC
PC 16:0_16:1,C40 H78 N O8 P,731.5466,7.41,,PC
PC 16:0_16:1,C40 H78 N O8 P,731.5469,7.39,,PC
PC 16:0_17:0,C41 H82 N O8 P,747.5776,8.78,,PC
PC 16:0_18:0,C42 H84 N O8 P,761.5931,9.2,,PC
PC 16:0_18:0,C42 H84 N O8 P,761.5932,9.19,,PC
PC 16:0_18:1,C42 H82 N O8 P,759.5778,8.31,,PC
PC 16:0_18:1,C42 H82 N O8 P,759.5779,8.29,,PC
PC 16:0_18:2,C42 H80 N O8 P,757.5628,7.57,,PC
PC 16:0_18:2,C42 H80 N O8 P,757.5621,7.55,,PC
PC 16:0_18:2,C42 H80 N O8 P,757.5621,7.54,,PC
PC 16:0_19:1,C43 H84 N O8 P,773.5942,8.8,,PC
PC 16:0_20:4,C44 H80 N O8 P,781.562,7.38,,PC
PC 16:0_20:4,C44 H80 N O8 P,781.562,7.37,,PC
PC 16:1_16:1,C40 H76 N O8 P,729.5309,6.53,,PC
PC 16:1_16:1,C40 H76 N O8 P,729.531,6.52,,PC
PC 16:1_18:2,C42 H78 N O8 P,755.5462,6.7,,PC
PC 16:1_18:2,C42 H78 N O8 P,755.5464,6.68,,PC
PC 16:1_20:4,C44 H78 N O8 P,779.5471,6.51,,PC
PC 16:1_24:1,C48 H92 N O8 P,841.6564,9.99,,PC
PC 17:0_16:1,C41 H80 N O8 P,745.5649,7.69,,PC
PC 17:0_18:1,C43 H84 N O8 P,773.5943,8.8,,PC
PC 18:0_18:1,C44 H86 N O8 P,787.609,9.21,,PC
PC 18:0_18:1,C44 H86 N O8 P,787.6091,9.22,,PC
PC 18:0_18:1,C44 H86 N O8 P,787.6091,9.2,,PC
PC 18:0_18:2,C44 H84 N O8 P,785.5935,8.49,,PC
PC 18:0_18:2,C44 H84 N O8 P,785.5934,8.48,,PC
PC 18:0_20:3,C46 H86 N O8 P,811.6091,8.76,,PC
PC 18:0_20:3,C46 H86 N O8 P,811.6094,8.7,,PC
PC 18:0_20:4,C46 H84 N O8 P,809.5932,8.3,,PC
PC 18:0_20:4,C46 H84 N O8 P,809.5934,8.31,,PC
PC 18:0_20:4,C46 H84 N O8 P,809.5935,8.3,,PC
PC 18:0_22:4,C48 H88 N O8 P,837.6247,8.89,,PC
PC 18:1_18:2,C44 H82 N O8 P,783.5779,7.58,,PC
PC 18:1_18:2,C44 H82 N O8 P,783.5776,7.59,,PC
PC 18:1_18:2,C44 H82 N O8 P,783.5777,7.58,,PC
PC 18:1_20:4,C46 H82 N O8 P,807.5775,7.41,,PC
PC 18:1_20:4,C46 H82 N O8 P,807.5776,7.4,,PC
PC 18:2_18:2,C44 H80 N O8 P,781.5621,6.86,,PC
PC 18:2_18:2,C44 H80 N O8 P,781.5621,6.84,,PC
PC 18:2_20:2,C46 H84 N O8 P,809.5931,7.77,,PC
PC 18:2_20:2,C46 H84 N O8 P,809.5933,7.78,,PC
PC 18:2_20:4,C46 H80 N O8 P,805.5619,6.66,,PC
PC 18:2_20:4,C46 H80 N O8 P,805.5618,6.66,,PC
PC 19:0_18:2,C45 H86 N O8 P,799.6102,8.9,,PC
PC 20:1_20:4,C48 H86 N O8 P,835.6087,8.29,,PC
PC 20:2_20:4,C48 H84 N O8 P,833.5929,7.48,,PC
PC 20:4_20:4,C48 H80 N O8 P,829.5634,6.47,,PC
PC 22:0_18:1,C48 H94 N O8 P,843.6717,10.84,,PC
PC 22:1_18:2,C48 H90 N O8 P,839.6402,9.33,,PC
PC 30:0,C38 H76 N O8 P,705.5295,7.3,,PC
PC 30:2,C38 H72 N O8 P,701.5,5.66,,PC
PC 32:0|PC 16:0_16:0,C40 H80 N O8 P,733.5621,8.23,,PC
PC 32:2,C40 H76 N O8 P,729.531,6.51,,PC
PC 34:1,C42 H82 N O8 P,759.5813,8.29,,PC
PC 34:1,C42 H82 N O8 P,759.5821,8.24,,PC
PC 34:2,C42 H80 N O8 P,757.5631,7.54,,PC
PC 35:2,C43 H82 N O8 P,771.5756,8.04,,PC
PC 35:2,C43 H82 N O8 P,771.5775,8.04,,PC
PC 36:1,C44 H86 N O8 P,787.6093,9.13,,PC
PC 36:2,C44 H84 N O8 P,785.5935,8.48,,PC
PC 36:2,C44 H84 N O8 P,785.5937,8.28,,PC
PC 36:2,C44 H84 N O8 P,785.5937,8.22,,PC
PC 36:2,C44 H84 N O8 P,785.5932,8.42,,PC
PC 36:3,C44 H82 N O8 P,783.5765,7.54,,PC
PC 36:4,C44 H80 N O8 P,781.5625,7.38,,PC
PC 36:4,C44 H80 N O8 P,781.5618,6.85,,PC
PC 36:4,C44 H80 N O8 P,781.5604,7.32,,PC
PC 37:1,C45 H88 N O8 P,801.6268,9.82,,PC
PC 37:2,C45 H86 N O8 P,799.6101,8.88,,PC
PC 38:1,C46 H90 N O8 P,815.6403,10.01,,PC
PC 38:2,C46 H88 N O8 P,813.6246,9.16,,PC
PC 38:4,C46 H84 N O8 P,809.5934,8.23,,PC
PC 38:5,C46 H82 N O8 P,807.5779,7.4,,PC
PC 40:2,C48 H92 N O8 P,841.6561,9.98,,PC
PC 40:5,C48 H86 N O8 P,835.6091,8.28,,PC
PC 42:2,C50 H96 N O8 P,869.6874,10.73,,PC
PC O-34:3,C42 H80 N O7 P,741.5754,7.96,,PC
PC O-38:5,C46 H84 N O7 P,793.5946,7.99,,PC
PE 14:0_16:1,C35 H68 N O8 P,661.468,6.7,,PE
PE 14:1_16:1,C35 H66 N O8 P,659.4524,5.86,,PE
PE 15:0_16:1,C36 H70 N O8 P,675.4845,6.99,,PE
PE 15:0_18:1(d7),C38 H67 D7 N O8 P,710.5589,8.06,,PE
PE 15:0_18:1(d7),C38 H67 D7 N O8 P,710.559,8.05,,PE
PE 15:1_16:1,C36 H68 N O8 P,673.468,6.3,,PE
PE 16:0_16:1,C37 H72 N O8 P,689.4994,7.64,,PE
PE 16:0_16:1,C37 H72 N O8 P,689.5019,6,,PE
PE 16:0_16:1,C37 H72 N O8 P,689.4994,7.62,,PE
PE 16:0_18:0,C39 H78 N O8 P,719.5466,8.27,,PE
PE 16:0_18:1,C39 H76 N O8 P,717.5306,8.57,,PE
PE 16:0_18:1,C39 H76 N O8 P,717.5307,8.55,,PE
PE 16:0_18:2,C39 H74 N O8 P,715.515,7.8,,PE
PE 16:0_20:4,C41 H74 N O8 P,739.515,7.61,,PE
PE 16:0_20:4,C41 H74 N O8 P,739.5149,7.6,,PE
PE 16:1_16:1,C37 H70 N O8 P,687.4853,6.73,,PE
PE 16:1_16:1,C37 H70 N O8 P,687.484,6.75,,PE
PE 16:1_16:1,C37 H70 N O8 P,687.4841,6.72,,PE
PE 16:1_18:1,C39 H74 N O8 P,715.515,7.66,,PE
PE 16:1_18:1,C39 H74 N O8 P,715.5181,6.54,,PE
PE 16:1_18:1,C39 H74 N O8 P,715.5151,7.65,,PE
PE 16:1_18:2,C39 H72 N O8 P,713.4994,6.89,,PE
PE 16:1_20:1,C41 H78 N O8 P,743.5465,8.55,,PE
PE 16:1_22:1,C43 H82 N O8 P,771.5776,9.4,,PE
PE 17:0_16:1,C38 H74 N O8 P,703.5284,7.94,,PE
PE 17:0_16:1,C38 H74 N O8 P,703.5153,7.92,,PE
PE 17:0_18:2,C40 H76 N O8 P,729.5309,8.28,,PE
PE 17:0_18:2,C40 H76 N O8 P,729.5309,8.26,,PE
PE 18:0_18:1,C41 H80 N O8 P,745.5619,9.47,,PE
PE 18:0_18:1,C41 H80 N O8 P,745.562,9.45,,PE
PE 18:0_18:1,C41 H80 N O8 P,745.5658,8.37,,PE
PE 18:0_18:2,C41 H78 N O8 P,743.5464,8.77,,PE
PE 18:0_18:2,C41 H78 N O8 P,743.5486,7.57,,PE
PE 18:0_18:2,C41 H78 N O8 P,743.5464,8.75,,PE
PE 18:0_18:2,C41 H78 N O8 P,743.5497,7.55,,PE
PE 18:0_20:3,C43 H80 N O8 P,769.5622,8.92,,PE
PE 18:0_20:3,C43 H80 N O8 P,769.5622,8.95,,PE
PE 18:0_20:4,C43 H78 N O8 P,767.5465,8.55,,PE
PE 18:0_20:4,C43 H78 N O8 P,767.5464,8.54,,PE
PE 18:0_22:4,C45 H82 N O8 P,795.5779,9.17,,PE
PE 18:0_22:5,C45 H80 N O8 P,793.5618,8.57,,PE
PE 18:1_18:1,C41 H78 N O8 P,743.5463,8.57,,PE
PE 18:1_18:2,C41 H76 N O8 P,741.5307,7.86,,PE
PE 18:1_18:2,C41 H76 N O8 P,741.5307,7.85,,PE
PE 18:1_20:4,C43 H76 N O8 P,765.5306,7.64,,PE
PE 18:1_20:4,C43 H76 N O8 P,765.5307,7.64,,PE
PE 18:2_18:2,C41 H74 N O8 P,739.5152,7.07,,PE
PE 18:2_18:2,C41 H74 N O8 P,739.5152,7.07,,PE
PE 18:2_20:2,C43 H78 N O8 P,767.5466,8.06,,PE
PE 20:0_18:2,C43 H82 N O8 P,771.5806,8.5,,PE
PE 20:0_20:4,C45 H82 N O8 P,795.5776,8.31,,PE
PE 20:1_18:2,C43 H80 N O8 P,769.5624,7.61,,PE
PE 20:1_18:2,C43 H80 N O8 P,769.5628,7.59,,PE
PE 34:1,C39 H76 N O8 P,717.5311,6.86,,PE
PE 35:1,C40 H78 N O8 P,731.5562,8.86,,PE
PE 35:1,C40 H78 N O8 P,731.5541,8.84,,PE
PE 36:1,C41 H80 N O8 P,745.5648,8.35,,PE
PE 36:2,C41 H78 N O8 P,743.5477,8.55,,PE
PE 38:1,C43 H84 N O8 P,773.5935,10.28,,PE
PE 38:2,C43 H82 N O8 P,771.5786,8.5,,PE
PE 38:2,C43 H82 N O8 P,771.5777,9.38,,PE
PE 38:4,C43 H78 N O8 P,767.5466,8.52,,PE
PG 15:0_18:1(d7),C39 H68 D7 O10 P,741.5537,7.32,,PG
PG 15:0_18:1(d7),C39 H68 D7 O10 P,741.5537,7.29,,PG
PG 16:0_18:1,C40 H77 O10 P,748.5255,7.72,,PG
PG 18:1_18:2,C42 H77 O10 P,772.5255,7.07,,PG
PG 18:2_18:2,C42 H75 O10 P,770.5092,6.38,,PG
PI 15:0_18:1(d7),C42 H72 D7 O13 P,829.5696,7.11,,PI
PI 15:0_18:1(d7),C42 H72 D7 O13 P,829.5694,7.1,,PI
PI 16:0_16:1,C41 H77 O13 P,808.5101,6.71,,PI
PI 16:0_16:1,C41 H77 O13 P,808.51,6.7,,PI
PI 16:0_20:4,C45 H79 O13 P,858.5257,6.72,,PI
PI 16:0_20:4,C45 H79 O13 P,858.5259,6.7,,PI
PI 16:1_16:1,C41 H75 O13 P,806.4944,5.89,,PI
PI 18:0_18:1,C45 H85 O13 P,864.5726,8.49,,PI
PI 18:0_18:2,C45 H83 O13 P,862.5569,7.78,,PI
PI 18:0_18:2,C45 H83 O13 P,862.557,7.76,,PI
PI 18:0_20:2,C47 H87 O13 P,890.5882,8.58,,PI
PI 18:0_20:3,C47 H85 O13 P,888.5726,8.05,,PI
PI 18:0_20:3,C47 H85 O13 P,888.5736,7.97,,PI
PI 18:0_20:4,C47 H83 O13 P,886.557,7.63,,PI
PI 18:0_20:4,C47 H83 O13 P,886.5569,7.61,,PI
PI 18:0_22:4,C49 H87 O13 P,914.5878,8.25,,PI
PI 18:0_22:5,C49 H85 O13 P,912.5725,7.62,,PI
PI 18:1_18:1,C45 H83 O13 P,862.5575,7.61,,PI
PI 18:1_20:4,C47 H81 O13 P,884.5411,6.8,,PI
PI 18:1_20:4,C47 H81 O13 P,884.5415,6.74,,PI
PI 34:1,C43 H81 O13 P,836.5412,7.61,,PI
PI 34:1,C43 H81 O13 P,836.5412,7.59,,PI
PI 36:1,C45 H85 O13 P,864.5724,8.51,,PI
PI 38:2,C47 H87 O13 P,890.5884,8.6,,PI
PS 15:0_18:1(d7),C39 H67 D7 N O10 P,754.5492,7.58,,PS
PS 16:1_18:3,C40 H70 N O10 P,755.4713,6.72,,PS
PS 18:0_18:1,C42 H80 N O10 P,789.5517,8.87,,PS
PS 18:0_18:1,C42 H80 N O10 P,789.5517,8.86,,PS
PS 18:0_18:2,C42 H78 N O10 P,787.5361,8.17,,PS
PS 18:0_18:2,C42 H78 N O10 P,787.5352,9.02,,PS
PS 18:0_18:2,C42 H78 N O10 P,787.5361,8.16,,PS
PS 18:0_20:3,C44 H80 N O10 P,813.5517,8.58,,PS
PS 18:0_20:3,C44 H80 N O10 P,813.5515,8.38,,PS
PS 18:0_20:4,C44 H78 N O10 P,811.5361,7.95,,PS
PS 18:0_22:4,C46 H82 N O10 P,839.5672,8.82,,PS
SE 28:2/21:1,C49 H84 O2,704.6475,13.69,,SE
SM 34:1;O2,C39 H79 N2 O6 P,702.5673,7.29,,SM
SM 36:1;O2,C41 H83 N2 O6 P,730.5987,8.27,,SM
SM d15:1_27:0,C47 H95 N2 O6 P,814.6936,10.53,,SM
SM d17:1_18:0,C40 H81 N2 O6 P,716.583,7.87,,SM
SM d17:1_24:1,C46 H91 N2 O6 P,798.661,9.67,,SM
SM d18:1_16:0,C39 H79 N2 O6 P,702.5675,7.36,,SM
SM d18:1_16:0,C39 H79 N2 O6 P,702.5676,7.35,,SM
SM d18:1_18:1(d9),C41 H72 D9 N2 O6 P,737.64,7.39,,SM
SM d18:1_18:1(d9),C41 H72 D9 N2 O6 P,737.6396,7.42,,SM
SM d18:1_18:1(d9),C41 H72 D9 N2 O6 P,737.6397,7.4,,SM
SM d18:1_24:1,C47 H93 N2 O6 P,812.6769,10.05,,SM
SM d32:0,C37 H77 N2 O6 P,676.552,6.71,,SM
SM d32:1,C37 H75 N2 O6 P,674.5359,6.36,,SM
SM d32:1,C37 H75 N2 O6 P,674.5361,6.35,,SM
SM d33:1,C38 H77 N2 O6 P,688.5517,6.85,,SM
SM d34:0,C39 H81 N2 O6 P,704.583,7.72,,SM
SM d34:1,C39 H79 N2 O6 P,702.5675,7.35,,SM
SM d34:2,C39 H77 N2 O6 P,700.5518,6.46,,SM
SM d34:2,C39 H77 N2 O6 P,700.5517,6.45,,SM
SM d35:1,C40 H81 N2 O6 P,716.5828,7.89,,SM
SM d36:1,C41 H83 N2 O6 P,730.5977,8.31,,SM
SM d36:1,C41 H83 N2 O6 P,730.5987,8.35,,SM
SM d36:1,C41 H83 N2 O6 P,730.5986,8.33,,SM
SM d36:2,C41 H81 N2 O6 P,728.5827,7.43,,SM
SM d37:1,C42 H85 N2 O6 P,744.6133,8.82,,SM
SM d37:1,C42 H85 N2 O6 P,744.6137,8.81,,SM
SM d38:1,C43 H87 N2 O6 P,758.63,9.25,,SM
SM d38:1,C43 H87 N2 O6 P,758.6299,9.3,,SM
SM d38:1,C43 H87 N2 O6 P,758.6299,9.27,,SM
SM d39:1,C44 H89 N2 O6 P,772.6456,9.73,,SM
SM d40:1,C45 H91 N2 O6 P,786.662,10.15,,SM
SM d40:1,C45 H91 N2 O6 P,786.6612,10.17,,SM
SM d40:1,C45 H91 N2 O6 P,786.6613,10.15,,SM
SM d40:2,C45 H89 N2 O6 P,784.6459,9.34,,SM
SM d41:1,C46 H93 N2 O6 P,800.677,10.59,,SM
SM d41:2,C46 H91 N2 O6 P,798.6612,9.65,,SM
SM d42:1,C47 H95 N2 O6 P,814.6933,10.94,,SM
SM d42:1,C47 H95 N2 O6 P,814.6925,10.98,,SM
SM d42:1,C47 H95 N2 O6 P,814.6928,10.96,,SM
SM d42:2,C47 H93 N2 O6 P,812.677,10.05,,SM
SM d42:2,C47 H93 N2 O6 P,812.6769,10.06,,SM
SM d42:3,C47 H91 N2 O6 P,810.661,9.29,,SM
SM d42:3,C47 H91 N2 O6 P,810.6612,9.26,,SM
SM d43:2,C48 H95 N2 O6 P,826.6927,10.53,,SM
SM d46:1,C51 H103 N2 O6 P,870.7555,12.43,,SM
SPB 22:0;O2,C22 H47 N O2,357.3606,4.13,,SPB
ST 27:1;O,C27 H46 O,386.3548,13.69,,ST
ST 27:1;O,C27 H46 O,386.3547,13.01,,ST
ST 27:1;O,C27 H46 O,386.3541,10.1,,ST
ST 27:1;O,C27 H46 O,386.3545,6.8,,ST
ST 27:2;O,C27 H44 O,384.3409,11.29,,ST
ST 27:2;O,C27 H44 O,384.3423,4.43,,ST
TG 12:0_12:0_18:0,C45 H86 O6,722.6424,12.82,,TG
TG 12:0_12:1_16:0,C43 H80 O6,692.5951,11.37,,TG
TG 12:0_16:0_18:1,C49 H92 O6,776.6895,13.39,,TG
TG 12:1_16:1_18:1,C49 H88 O6,772.6581,12.24,,TG
TG 13:1_16:0_16:0,C48 H90 O6,762.6736,13.1,,TG
TG 13:1_16:0_16:1,C48 H88 O6,760.6581,12.48,,TG
TG 13:1_16:1_16:1,C48 H86 O6,758.6434,11.82,,TG
TG 14:0_14:0_16:0,C47 H90 O6,750.6741,13.41,,TG
TG 14:0_16:0_16:0,C49 H94 O6,778.7051,13.97,,TG
TG 14:0_16:0_18:1,C51 H96 O6,804.7212,13.93,,TG
TG 14:0_16:1_18:1,C51 H94 O6,802.7053,13.39,,TG
TG 14:0_17:1_18:2,C52 H94 O6,814.7051,13.13,,TG
TG 14:0_18:1_18:2,C53 H96 O6,828.721,13.41,,TG
TG 14:0_18:2_18:2,C53 H94 O6,826.7049,12.9,,TG
TG 14:0_18:2_18:3,C53 H92 O6,824.6896,12.41,,TG
TG 15:0_16:0_16:0,C50 H96 O6,792.7208,14.15,,TG
TG 15:0_16:0_16:1,C50 H94 O6,790.705,13.6,,TG
TG 15:0_16:0_18:1,C52 H98 O6,818.7363,14.15,,TG
TG 15:0_16:1_16:1,C50 H92 O6,788.6897,13.02,,TG
TG 15:0_18:1(d7)_15:0,C51 H89 D7 O6,811.7649,13.89,,TG
TG 16:0_16:0_18:0,C53 H102 O6,834.7681,14.48,,TG
TG 16:0_16:0_18:1,C53 H100 O6,832.7533,14.3,,TG
TG 16:0_16:0_18:1,C53 H100 O6,832.7535,13.46,,TG
TG 16:0_16:1_18:1,C53 H98 O6,830.7374,13.92,,TG
TG 16:0_16:1_18:1,C53 H98 O6,830.7362,14.55,,TG
TG 16:0_17:0_18:0,C54 H104 O6,848.7833,14.53,,TG
TG 16:0_17:1_18:1,C54 H100 O6,844.7521,14.14,,TG
TG 16:0_18:0_18:1,C55 H104 O6,860.7848,14.47,,TG
TG 16:0_18:1_18:1,C55 H102 O6,858.769,14.28,,TG
TG 16:0_18:1_18:2,C55 H100 O6,856.7532,16.21,,TG
TG 16:0_18:1_20:4,C57 H100 O6,880.7516,13.78,,TG
TG 16:0_18:2_20:4,C57 H98 O6,878.7361,13.27,,TG
TG 16:0_22:0_22:1,C63 H120 O6,972.908,14.79,,TG
TG 16:1_16:1_16:1,C51 H92 O6,800.6891,12.81,,TG
TG 16:1_18:1_18:1,C55 H100 O6,856.7531,13.95,,TG
TG 16:1_18:1_18:2,C55 H98 O6,854.7367,13.45,,TG
TG 16:1_18:2_18:2,C55 H96 O6,852.7206,12.92,,TG
TG 16:1_18:2_18:3,C55 H94 O6,850.705,12.44,,TG
TG 16:1_22:0_22:1,C63 H118 O6,970.8917,14.71,,TG
TG 17:0_18:0_18:1,C56 H106 O6,874.7992,14.52,,TG
TG 17:0_18:1_18:1,C56 H104 O6,872.7835,14.38,,TG
TG 17:0_18:1_20:1,C58 H108 O6,900.8138,14.51,,TG
TG 17:1_18:1_18:1,C56 H102 O6,870.7674,14.13,,TG
TG 17:1_18:1_18:2,C56 H100 O6,868.7517,13.69,,TG
TG 17:1_18:2_18:2,C56 H98 O6,866.7362,13.2,,TG
TG 18:0_18:0_18:1,C57 H108 O6,888.8148,14.58,,TG
TG 18:0_18:1_18:1,C57 H106 O6,886.8,14.45,,TG
TG 18:0_18:1_20:0,C59 H112 O6,916.8449,14.66,,TG
TG 18:0_18:1_20:1,C59 H110 O6,914.8301,14.57,,TG
TG 18:1_18:1_18:1,C57 H104 O6,884.7843,14.26,,TG
TG 18:1_18:1_18:1,C57 H104 O6,884.7813,14.59,,TG
TG 18:1_18:1_18:2,C57 H102 O6,882.7683,13.94,,TG
TG 18:1_18:1_18:2,C57 H102 O6,882.7659,14.49,,TG
TG 18:1_18:1_19:1,C58 H106 O6,898.7991,14.37,,TG
TG 18:1_18:1_20:1,C59 H108 O6,912.8148,14.44,,TG
TG 18:1_18:1_20:2,C59 H106 O6,910.7992,14.26,,TG
TG 18:1_18:1_20:4,C59 H102 O6,906.7672,13.75,,TG
TG 18:1_18:1_22:4,C61 H106 O6,934.7996,14.11,,TG
TG 18:1_18:2_18:2,C57 H100 O6,880.7519,13.47,,TG
TG 18:1_18:2_19:1,C58 H104 O6,896.7836,14.14,,TG
TG 18:1_18:2_20:3,C59 H102 O6,906.7678,13.48,,TG
TG 18:1_18:2_20:4,C59 H100 O6,904.7517,13.27,,TG
TG 18:1_20:1_22:4,C63 H110 O6,962.8304,14.34,,TG
TG 18:2_18:2_18:2,C57 H98 O6,878.7362,12.98,,TG
TG 18:2_18:2_18:3,C57 H96 O6,876.7205,12.5,,TG
TG 20:1_22:1_22:1,C67 H124 O6,1024.9393,14.76,,TG
TG 22:0_22:0_22:1,C69 H132 O6,1057.0005,14.97,,TG
TG 22:0_22:1_22:1,C69 H130 O6,1054.9862,14.9,,TG
TG 22:1_22:1_22:1,C69 H128 O6,1052.9707,14.82,,TG
TG 24:0|TG 8:0_8:0_8:0,C27 H50 O6,470.3608,5.34,,TG
TG 26:0|TG 8:0_8:0_10:0,C29 H54 O6,498.3927,6.15,,TG
TG 26:0|TG 8:0_8:0_10:0,C29 H54 O6,498.3927,6.15,,TG
TG 28:0|TG 8:0_10:0_10:0,C31 H58 O6,526.4241,7.05,,TG
TG 38:1|TG 8:0_14:0_16:1,C41 H76 O6,664.5636,10.53,,TG
TG 40:0|TG 12:0_14:0_14:0,C43 H82 O6,694.6114,12.11,,TG
TG 40:1|TG 8:0_16:0_16:1,C43 H80 O6,692.5949,11.31,,TG
TG 40:2|TG 8:0_16:1_16:1,C43 H78 O6,690.58,10.53,,TG
TG 40:2|TG 8:0_16:1_16:1,C43 H78 O6,690.58,10.53,,TG
TG 41:1|TG 11:0_14:0_16:1,C44 H82 O6,706.6109,11.67,,TG
TG 41:2|TG 11:0_14:1_16:1,C44 H80 O6,704.5955,10.98,,TG
TG 42:0|TG 10:0_14:0_18:0,C45 H86 O6,722.6424,12.75,,TG
TG 42:1,C45 H84 O6,720.6269,12.17,,TG
TG 42:1|TG 12:0_14:0_16:1,C45 H84 O6,720.6266,12.11,,TG
TG 42:2,C45 H82 O6,718.6108,11.58,,TG
TG 42:2|TG 10:0_14:1_18:1,C45 H82 O6,718.6111,11.39,,TG
TG 42:3|TG 14:1_14:1_14:1,C45 H80 O6,716.5961,10.86,,TG
TG 43:0|TG 14:0_14:0_15:0,C46 H88 O6,736.6583,12.95,,TG
TG 43:1,C46 H86 O6,734.6422,12.42,,TG
TG 43:1|TG 11:0_16:0_16:1,C46 H86 O6,734.6421,12.33,,TG
TG 43:2,C46 H84 O6,732.6275,11.75,,TG
TG 43:2|TG 11:0_16:1_16:1,C46 H84 O6,732.6275,11.67,,TG
TG 43:3|TG 13:1_14:1_16:1,C46 H82 O6,730.6109,11.09,,TG
TG 44:0|TG 14:0_14:0_16:0,C47 H90 O6,750.674,13.35,,TG
TG 44:1|TG 10:0_16:0_18:1,C47 H88 O6,748.6579,12.74,,TG
TG 44:2,C47 H86 O6,746.6425,12.21,,TG
TG 44:2|TG 10:0_16:1_18:1,C47 H86 O6,746.6422,12.12,,TG
TG 44:3|TG 14:1_14:1_16:1,C47 H84 O6,744.6269,11.54,,TG
TG 44:4,C47 H82 O6,742.611,10.97,,TG
TG 45:0|TG 14:0_15:0_16:0,C48 H92 O6,764.6892,13.55,,TG
TG 45:1|TG 14:0_15:0_16:1,C48 H90 O6,762.6736,12.94,,TG
TG 45:2|TG 15:0_14:1_16:1,C48 H88 O6,760.658,12.33,,TG
TG 45:3,C48 H86 O6,758.6434,11.82,,TG
TG 45:3|TG 14:1_15:1_16:1,C48 H86 O6,758.644,11.77,,TG
TG 46:0|TG 12:0_14:0_20:0,C49 H94 O6,778.705,13.9,,TG
TG 46:1|TG 14:0_16:0_16:1,C49 H92 O6,776.6892,13.33,,TG
TG 46:2,C49 H90 O6,774.6738,12.8,,TG
TG 46:2;O|TG 14:0_16:1_16:1;O,C49 H90 O7,790.6685,11.02,,TG
TG 46:2|TG 14:0_16:1_16:1,C49 H90 O6,774.6735,12.73,,TG
TG 46:3,C49 H88 O6,772.6581,12.24,,TG
TG 46:3|TG 14:1_16:1_16:1,C49 H88 O6,772.6579,12.13,,TG
TG 46:4,C49 H86 O6,770.6426,11.66,,TG
TG 46:4|TG 10:0_18:2_18:2,C49 H86 O6,770.6425,11.61,,TG
TG 46:5,C49 H84 O6,768.6266,11.07,,TG
TG 47:0|TG 14:0_16:0_17:0,C50 H96 O6,792.7207,14.11,,TG
TG 47:1|TG 15:0_16:0_16:1,C50 H94 O6,790.705,13.52,,TG
TG 47:2|TG 15:0_16:1_16:1,C50 H92 O6,788.6891,12.92,,TG
TG 47:3,C50 H90 O6,786.6744,12.49,,TG
TG 47:3;O|TG 15:0_16:1_16:2;O,C50 H90 O7,802.6687,10.62,,TG
TG 47:3|TG 15:1_16:1_16:1,C50 H90 O6,786.6735,12.41,,TG
TG 48:0|TG 14:0_16:0_18:0,C51 H98 O6,806.7364,14.28,,TG
TG 48:1|TG 12:0_18:0_18:1,C51 H96 O6,804.7171,13.37,,TG
TG 48:1|TG 14:0_16:0_18:1,C51 H96 O6,804.7207,13.87,,TG
TG 48:2;O|TG 16:0_16:1_16:1;O,C51 H94 O7,818.6999,11.7,,TG
TG 48:2;O2|TG 16:0_16:0_16:2;O2,C51 H94 O8,834.6947,10.84,,TG
TG 48:2|TG 14:0_16:1_18:1,C51 H94 O6,802.7049,13.33,,TG
TG 48:3;O|TG 16:0_16:1_16:2;O,C51 H92 O7,816.6839,11.01,,TG
TG 48:3;O2|TG 16:1_16:1_16:1;O2,C51 H92 O8,832.6789,10.22,,TG
TG 48:3|TG 16:1_16:1_16:1,C51 H92 O6,800.689,12.72,,TG
TG 48:4|TG 12:0_18:1_18:3,C51 H90 O6,798.6739,12.25,,TG
TG 48:5,C51 H88 O6,796.6592,11.76,,TG
TG 49:0,C52 H100 O6,820.7522,14.39,,TG
TG 49:0|TG 15:0_16:0_18:0,C52 H100 O6,820.7519,14.37,,TG
TG 49:1|TG 15:0_16:0_18:1,C52 H98 O6,818.7361,14.11,,TG
TG 49:2,C52 H96 O6,816.7206,13.65,,TG
TG 49:2|TG 15:0_16:0_18:2,C52 H96 O6,816.7205,13.6,,TG
TG 49:3|TG 15:1_16:1_18:1,C52 H94 O6,814.7056,13.05,,TG
TG 50:0|TG 16:0_16:0_18:0,C53 H102 O6,834.7594,14.28,,TG
TG 50:0|TG 16:0_16:0_18:0,C53 H102 O6,834.7679,14.46,,TG
TG 50:0|TG 16:0_16:0_18:0,C53 H102 O6,834.7682,13.92,,TG
TG 50:1;O|TG 16:0_18:0_16:1;O,C53 H100 O7,848.7461,12.91,,TG
TG 50:1|TG 16:0_16:0_18:1,C53 H100 O6,832.7529,14.27,,TG
TG 50:2;O|TG 14:0_18:1_18:1;O,C53 H98 O7,846.7312,12.35,,TG
TG 50:2;O|TG 16:0_16:1_18:1;O,C53 H98 O7,846.7312,12.16,,TG
TG 50:2|TG 16:0_16:1_18:1,C53 H98 O6,830.7272,13.39,,TG
TG 50:2|TG 16:0_16:1_18:1,C53 H98 O6,830.7368,13.87,,TG
TG 50:3;O|TG 16:0_18:1_16:2;O,C53 H96 O7,844.7154,11.75,,TG
TG 50:3|TG 14:0_18:1_18:2,C53 H96 O6,828.7206,13.37,,TG
TG 50:4|TG 14:0_18:1_18:3,C53 H94 O6,826.7046,12.86,,TG
TG 50:5|TG 14:0_18:2_18:3,C53 H92 O6,824.6894,12.37,,TG
TG 51:0|TG 16:0_17:0_18:0,C54 H104 O6,848.7832,14.51,,TG
TG 51:1,C54 H102 O6,846.7678,14.39,,TG
TG 51:1|TG 16:0_17:0_18:1,C54 H102 O6,846.7676,14.36,,TG
TG 51:2|TG 16:0_17:1_18:1,C54 H100 O6,844.7519,14.1,,TG
TG 51:3,C54 H98 O6,842.7362,13.67,,TG
TG 51:3|TG 15:0_18:1_18:2,C54 H98 O6,842.736,13.64,,TG
TG 51:3|TG 17:1_17:1_17:1,C54 H98 O6,842.7361,13.64,,TG
TG 51:4|TG 16:1_17:1_18:2,C54 H96 O6,840.7207,13.14,,TG
TG 51:5,C54 H94 O6,838.7047,12.78,,TG
TG 51:5|TG 15:1_18:2_18:2,C54 H94 O6,838.7054,12.72,,TG
TG 52:0,C55 H106 O6,862.7989,14.59,,TG
TG 52:0|TG 16:0_18:0_18:0,C55 H106 O6,862.7991,14.57,,TG
TG 52:1;O|TG 16:0_18:0_18:1;O,C55 H104 O7,876.7803,13.43,,TG
TG 52:1|TG 16:0_18:0_18:1,C55 H104 O6,860.7846,14.45,,TG
TG 52:2;O|TG 16:0_18:1_18:1;O,C55 H102 O7,874.7626,12.91,,TG
TG 52:2;O|TG 16:0_18:1_18:1;O,C55 H102 O7,874.7629,12.75,,TG
TG 52:2|TG 16:0_18:1_18:1,C55 H102 O6,858.7688,14.26,,TG
TG 52:2|TG 16:0_18:1_18:1,C55 H102 O6,858.7666,13.4,,TG
TG 52:3;O|TG 16:0_18:1_18:2;O,C55 H100 O7,872.7462,11.81,,TG
TG 52:3;O|TG 16:0_18:1_18:2;O,C55 H100 O7,872.7468,12.16,,TG
TG 52:3;O|TG 18:1_18:1_16:1;O,C55 H100 O7,872.7469,12.33,,TG
TG 52:3|TG 16:0_18:1_18:2,C55 H100 O6,856.7514,14.6,,TG
TG 52:3|TG 16:1_18:1_18:1,C55 H100 O6,856.7531,13.9,,TG
TG 52:4;O|TG 16:0_18:2_18:2;O,C55 H98 O7,870.7311,11.59,,TG
TG 52:4;O|TG 18:1_18:2_16:1;O,C55 H98 O7,870.7308,11.23,,TG
TG 52:4|TG 16:0_18:2_18:2,C55 H98 O6,854.7365,13.41,,TG
TG 52:4|TG 16:0_18:2_18:2,C55 H98 O6,854.7365,13.41,,TG
TG 52:5;O|TG 18:1_18:2_16:2;O,C55 H96 O7,868.7152,11.15,,TG
TG 52:5|TG 16:1_18:2_18:2,C55 H96 O6,852.7204,12.87,,TG
TG 52:6|TG 16:1_18:2_18:3,C55 H94 O6,850.706,12.39,,TG
TG 53:0,C56 H108 O6,876.8147,14.61,,TG
TG 53:0|TG 14:0_16:0_23:0,C56 H108 O6,876.8144,14.6,,TG
TG 53:1|TG 17:0_18:0_18:1,C56 H106 O6,874.7988,14.5,,TG
TG 53:2|TG 17:0_18:1_18:1,C56 H104 O6,872.7832,14.35,,TG
TG 53:3|TG 17:1_18:1_18:1,C56 H102 O6,870.7673,14.1,,TG
TG 53:4|TG 17:1_18:1_18:2,C56 H100 O6,868.7516,13.64,,TG
TG 53:5|TG 17:1_18:2_18:2,C56 H98 O6,866.7362,13.14,,TG
TG 53:6|TG 17:1_18:2_18:3,C56 H96 O6,864.721,12.67,,TG
TG 53:8,C56 H92 O6,860.6904,11.56,,TG
TG 54:0|TG 16:0_18:0_20:0,C57 H110 O6,890.8292,14.66,,TG
TG 54:1|TG 18:0_18:0_18:1,C57 H108 O6,888.8148,14.56,,TG
TG 54:2;O|TG 18:0_18:1_18:1;O,C57 H106 O7,902.8028,13.39,,TG
TG 54:2;O|TG 18:0_18:1_18:1;O,C57 H106 O7,902.806,13.42,,TG
TG 54:2|TG 18:0_18:1_18:1,C57 H106 O6,886.7901,14.24,,TG
TG 54:2|TG 18:0_18:1_18:1,C57 H106 O6,886.7998,14.44,,TG
TG 54:3;O|TG 18:1_18:1_18:1;O,C57 H104 O7,900.7784,12.73,,TG
TG 54:3|TG 18:1_18:1_18:1,C57 H104 O6,884.7845,16.21,,TG
TG 54:3|TG 18:1_18:1_18:1,C57 H104 O6,884.7842,14.24,,TG
TG 54:4;O|TG 18:1_18:1_18:2;O,C57 H102 O7,898.7623,12.15,,TG
TG 54:4;O2|TG 18:1_18:1_18:2;O2,C57 H102 O8,914.7572,11.6,,TG
TG 54:4|TG 18:1_18:1_18:2,C57 H102 O6,882.7681,13.88,,TG
TG 54:5;O|TG 18:1_18:2_18:2;O,C57 H100 O7,896.7466,11.59,,TG
TG 54:5;O2|TG 18:1_18:1_18:3;O2,C57 H100 O8,912.7411,11.05,,TG
TG 54:5|TG 16:0_18:1_20:4,C57 H100 O6,880.7518,13.72,,TG
TG 54:5|TG 18:1_18:2_18:2,C57 H100 O6,880.7519,13.41,,TG
TG 54:5|TG 18:1_18:2_18:2,C57 H100 O6,880.7538,14.51,,TG
TG 54:6;O|TG 18:2_18:2_18:2;O,C57 H98 O7,894.7309,11.02,,TG
TG 54:6|TG 16:0_18:2_20:4,C57 H98 O6,878.7359,13.24,,TG
TG 54:6|TG 18:1_18:2_18:3,C57 H98 O6,878.736,12.93,,TG
TG 54:7|TG 18:2_18:2_18:3,C57 H96 O6,876.7205,12.44,,TG
TG 55:1|TG 18:0_19:0_18:1,C58 H110 O6,902.8292,14.6,,TG
TG 55:2|TG 18:0_18:1_19:1,C58 H108 O6,900.8138,14.49,,TG
TG 55:3|TG 18:1_18:1_19:1,C58 H106 O6,898.7992,14.35,,TG
TG 55:4|TG 18:1_19:1_18:2,C58 H104 O6,896.7835,14.1,,TG
TG 55:5|TG 18:1_18:2_19:2,C58 H102 O6,894.7678,13.65,,TG
TG 55:6,C58 H100 O6,892.7524,13.31,,TG
TG 55:6|TG 18:2_18:2_19:2,C58 H100 O6,892.7523,13.46,,TG
TG 56:1|TG 18:0_20:0_18:1,C59 H112 O6,916.8447,14.65,,TG
TG 56:2|TG 18:0_18:1_20:1,C59 H110 O6,914.8303,14.55,,TG
TG 56:3|TG 18:1_18:1_20:1,C59 H108 O6,912.8144,14.42,,TG
TG 56:4|TG 18:1_20:1_18:2,C59 H106 O6,910.7992,14.24,,TG
TG 56:5,C59 H104 O6,908.7836,13.96,,TG
TG 56:5|TG 18:1_18:2_20:2,C59 H104 O6,908.7836,13.9,,TG
TG 56:6|TG 18:1_18:1_20:4,C59 H102 O6,906.7671,13.7,,TG
TG 56:6|TG 18:1_18:2_20:3,C59 H102 O6,906.7676,13.43,,TG
TG 56:7,C59 H100 O6,904.7521,13.02,,TG
TG 56:7|TG 18:1_18:2_20:4,C59 H100 O6,904.7516,13.22,,TG
TG 56:7|TG 18:2_18:2_20:3,C59 H100 O6,904.752,12.95,,TG
TG 56:8,C59 H98 O6,902.7363,12.78,,TG
TG 56:8|TG 18:2_18:2_20:4,C59 H98 O6,902.7366,12.74,,TG
TG 56:8|TG 18:2_18:2_20:4,C59 H98 O6,902.7366,12.74,,TG
TG 57:1|TG 16:0_23:0_18:1,C60 H114 O6,930.8605,14.68,,TG
TG 57:2|TG 15:0_20:1_22:1,C60 H112 O6,928.845,14.57,,TG
TG 57:3;O2|TG 16:0_16:1_9:0;O(FA 16:1),C60 H110 O8,958.82,13.65,,TG
TG 57:3|TG 18:1_19:1_20:1,C60 H110 O6,926.8303,14.48,,TG
TG 57:4|TG 18:1_21:1_18:2,C60 H108 O6,924.8146,14.35,,TG
TG 57:5|TG 18:1_19:1_20:3,C60 H106 O6,922.7987,14.15,,TG
TG 58:1,C61 H116 O6,944.8762,14.73,,TG
TG 58:1|TG 16:0_24:0_18:1,C61 H116 O6,944.8764,14.72,,TG
TG 58:2,C61 H114 O6,942.8606,14.65,,TG
TG 58:2|TG 18:0_18:1_22:1,C61 H114 O6,942.86,14.63,,TG
TG 58:3,C61 H112 O6,940.8457,14.55,,TG
TG 58:3|TG 18:1_20:1_20:1,C61 H112 O6,940.8453,14.54,,TG
TG 58:4|TG 18:1_20:1_20:2,C61 H110 O6,938.8305,14.41,,TG
TG 58:5|TG 18:0_18:1_22:4,C61 H108 O6,936.8142,14.29,,TG
TG 58:6|TG 18:1_18:1_22:4,C61 H106 O6,934.7992,14.07,,TG
TG 58:7,C61 H104 O6,932.7836,13.7,,TG
TG 58:7|TG 18:1_18:2_22:4,C61 H104 O6,932.7834,13.65,,TG
TG 58:8,C61 H102 O6,930.7678,13.24,,TG
TG 58:8|TG 18:1_18:2_22:5,C61 H102 O6,930.768,13.19,,TG
TG 59:1|TG 15:0_22:0_22:1,C62 H118 O6,958.8924,14.74,,TG
TG 59:2|TG 15:0_22:1_22:1,C62 H116 O6,956.8767,14.64,,TG
TG 59:4;O2|TG 14:1_15:1_14:0;O(FA 16:1),C62 H112 O8,984.8362,13.41,,TG
TG 60:2|TG 22:0_16:1_22:1,C63 H118 O6,970.8917,14.7,,TG
TG 60:3,C63 H116 O6,968.8766,14.63,,TG
TG 60:3;O2|TG 18:1_18:1_8:0;O(FA 16:0),C63 H116 O8,1000.8662,14.21,,TG
TG 60:3|TG 16:1_22:1_22:1,C63 H116 O6,968.8766,14.62,,TG
TG 60:6|TG 18:1_20:1_22:4,C63 H110 O6,962.8302,14.32,,TG
TG 60:7|TG 18:1_20:2_22:4,C63 H108 O6,960.8147,14.08,,TG
TG 61:2|TG 15:0_22:1_24:1,C64 H120 O6,984.9079,14.72,,TG
TG 61:3|TG 16:1_22:1_23:1,C64 H118 O6,982.8926,14.64,,TG
TG 62:3,C65 H120 O6,996.9085,14.7,,TG
TG 62:3|TG 16:1_22:1_24:1,C65 H120 O6,996.9075,14.69,,TG
TG 62:6|TG 18:1_20:1_24:4,C65 H114 O6,990.8608,14.44,,TG
TG 63:2|TG 23:0_16:1_24:1,C66 H124 O6,1012.9392,14.77,,TG
TG 63:3|TG 16:1_23:1_24:1,C66 H122 O6,1010.9238,14.71,,TG
TG 64:1|TG 22:0_24:0_18:1,C67 H128 O6,1028.97,14.79,,TG
TG 64:2,C67 H126 O6,1026.9546,14.84,,TG
TG 64:4;O2|TG 14:1_16:1_18:0;O(FA 16:1),C67 H122 O8,1054.915,14.37,,TG
TG 65:2|TG 21:0_22:1_22:1,C68 H128 O6,1040.9705,14.8,,TG
TG 65:3|TG 20:1_22:1_23:1,C68 H126 O6,1038.9552,14.77,,TG
TG 66:1|TG 24:0_24:0_18:1,C69 H132 O6,1057.0028,14.87,,TG
TG 66:3|TG 22:1_22:1_22:1,C69 H128 O6,1052.9708,14.81,,TG
TG 68:3;O2|TG 16:0_18:1_18:1;O(FA 16:0),C71 H132 O8,1112.9926,14.62,,TG
TG 68:5;O2|TG 18:1_18:2_18:0;O(FA 14:1),C71 H128 O8,1108.9601,14.5,,TG
TG 69:3;O2|TG 17:0_17:0_18:2;O(FA 17:0),C72 H134 O8,1127.0081,14.61,,TG
TG 70:6;O2|TG 18:1_18:2_18:1;O(FA 16:1),C73 H130 O8,1134.9761,14.51,,TG
TG O-51:9|TG O-15:1_18:4_18:4,C54 H88 O5,816.6639,12.72,,TG
TG_d5 51:4|TG_d5 16:1_17:1_18:2,C54 H91 O6,835.6912,14.05,,TG_d5
TG_d5 51:4|TG_d5 17:0_17:2_17:2,C54 H91 O6,835.6795,13.03,,TG_d5
TG_d5 53:3|TG_d5 17:1_18:1_18:1,C56 H97 O6,865.7386,14.51,,TG_d5
TG_d5 54:6|TG_d5 18:2_18:2_18:2,C57 H93 O6,873.6961,13.9,,TG_d5
TG_d5 54:7|TG_d5 18:2_18:2_18:3,C57 H91 O6,871.6827,13.45,,TG_d5
TG_d5 56:6|TG_d5 18:2_18:2_20:2,C59 H97 O6,901.7295,14.24,,TG_d5
TG_d5 56:7|TG_d5 18:2_20:2_18:3,C59 H95 O6,899.713,13.89,,TG_d5
TG_d5 56:8|TG_d5 18:2_18:3_20:3,C59 H93 O6,897.6983,13.45,,TG_d5
TG_d5 60:5|TG_d5 22:1_18:2_20:2,C63 H107 O6,959.8097,14.57,,TG_d5
TG_d5 66:0|TG_d5 22:0_22:0_22:0,C69 H129 O6,1053.978,14.81,,TG_d5